n_rows,n_cols,n_test,n_warmup,n_measured,mean_ms,p90_ms,p99_ms,std_ms,min_ms,max_ms,gpu,error
100,5,25,3,10,455.7752916000027,463.391756499982,463.735897149993,7.263302680975152,439.9074909999854,463.7741349999942,NVIDIA H100 80GB HBM3,
100,10,25,3,10,444.1026496000177,448.7816795000072,454.8984957499306,6.99320345453186,431.16740599998593,455.5781419999221,NVIDIA H100 80GB HBM3,
100,15,25,3,10,479.2900423999998,491.17483910000016,499.6615501099995,10.936721411503193,464.40666699999866,500.6045179999994,NVIDIA H100 80GB HBM3,
100,20,25,3,10,476.2691382000001,481.5875949000013,482.5945698900008,3.818941438120039,471.724966,482.70645600000074,NVIDIA H100 80GB HBM3,
100,25,25,3,10,507.0693556000151,525.4458341999225,541.1894089201746,16.249156851493463,490.64177600007497,542.9386950002026,NVIDIA H100 80GB HBM3,
100,30,25,3,10,532.4181761999853,546.030821500085,552.5302979500498,16.117935948283147,498.1327359998886,553.2524620000459,NVIDIA H100 80GB HBM3,
100,35,25,3,10,511.45051850003256,519.0735189999486,525.1786186000163,7.250570362762286,502.9706049999732,525.8569630000238,NVIDIA H100 80GB HBM3,
100,40,25,3,10,493.58446569999967,507.5664316,609.1045291599986,45.433640915572134,469.15697100000034,620.3865399999984,NVIDIA H100 80GB HBM3,
100,45,25,3,10,496.50887300001614,509.29410450000887,516.606059550079,9.453944917667284,487.22445899989,517.4184990000867,NVIDIA H100 80GB HBM3,
100,50,25,3,10,430.8580663000157,435.75238859998535,437.9299164599706,4.416182937948445,424.2447389999597,438.171863999969,NVIDIA H100 80GB HBM3,
100,55,25,3,10,519.6688037000001,528.6776717000005,532.6345597699992,7.379002590237002,508.490994999999,533.0742139999991,NVIDIA H100 80GB HBM3,
100,60,25,3,10,623.0076977999943,630.0679523999179,630.510774539855,6.737381672258629,610.0042299999586,630.559976999848,NVIDIA H100 80GB HBM3,
100,65,25,3,10,572.6885038000006,579.1508359000015,664.5710536900008,35.88572866446766,553.4373989999999,674.0621890000007,NVIDIA H100 80GB HBM3,
100,70,25,3,10,524.4198485999993,535.9121006000016,546.9657461600002,10.86893888348466,513.5624289999967,548.193929,NVIDIA H100 80GB HBM3,
100,75,25,3,10,605.2859324999872,634.7164600999804,661.5971938100301,32.00739668624157,553.5112299999128,664.5839420000357,NVIDIA H100 80GB HBM3,
100,80,25,3,10,574.7020909000184,581.3369991000627,617.5372607099848,17.375325605799983,557.7344220000668,621.5595119999762,NVIDIA H100 80GB HBM3,
100,85,25,3,10,508.2072196000354,514.0503966998722,515.712465670083,5.1748620556228335,501.66178600011335,515.8971400001064,NVIDIA H100 80GB HBM3,
100,90,25,3,10,539.1113178999988,549.0279716999986,555.5351852699991,8.635093413105913,529.8743890000069,556.2582089999992,NVIDIA H100 80GB HBM3,
100,95,25,3,10,498.5085501999947,504.86117760008256,506.0686008599737,5.279715976291888,491.7492409999795,506.2027589999616,NVIDIA H100 80GB HBM3,
100,100,25,3,10,563.710912499998,589.3989390999991,593.8302150099998,18.165312502009176,535.5722249999957,594.3225789999999,NVIDIA H100 80GB HBM3,
200,5,50,3,10,509.91054400000104,526.3681359999957,528.6980118999992,15.769347839326771,483.796777000002,528.9568869999996,NVIDIA H100 80GB HBM3,
200,10,50,3,10,409.5609924999735,422.1371898999905,423.2339533899199,9.645290737682242,398.7901289999627,423.355815999912,NVIDIA H100 80GB HBM3,
200,15,50,3,10,511.3006933999259,516.7873991998931,518.5891729199193,4.614659321429757,505.4601580000053,518.7893699999222,NVIDIA H100 80GB HBM3,
200,20,50,3,10,567.5290102999952,573.8207825000245,582.550723549848,8.413110281559367,555.9432279999328,583.5207169998284,NVIDIA H100 80GB HBM3,
200,25,50,3,10,597.2784004999539,623.736311499897,623.8784138499568,23.593398165583565,564.1956119998213,623.8942029999635,NVIDIA H100 80GB HBM3,
200,30,50,3,10,481.6705885999987,490.3397460999976,492.9540300099965,8.836102917867665,462.4238159999976,493.2445059999963,NVIDIA H100 80GB HBM3,
200,35,50,3,10,489.8940651000202,497.3117212000489,497.551077820026,5.7643880170468575,480.3278530000625,497.5776730000234,NVIDIA H100 80GB HBM3,
200,40,50,3,10,571.5842362000103,597.7677254000128,597.9591073399456,18.55194641611504,549.9910020000698,597.9803719999381,NVIDIA H100 80GB HBM3,
200,45,50,3,10,593.6565618000259,622.9753393000465,630.719881330001,29.64726700273985,542.1702480000476,631.580385999996,NVIDIA H100 80GB HBM3,
200,50,50,3,10,574.2841574000004,579.6996368999995,580.034028390001,4.126801274159323,567.783784000003,580.0711830000012,NVIDIA H100 80GB HBM3,
200,55,50,3,10,571.6108103999993,575.7218979999976,575.7295281999959,3.3392960375040124,566.3632570000061,575.7303759999957,NVIDIA H100 80GB HBM3,
200,60,50,3,10,497.4467727000005,503.78557150000063,506.9600222499997,5.277522783494719,490.7875620000084,507.3127389999996,NVIDIA H100 80GB HBM3,
200,65,50,3,10,505.2933792999981,528.0160158000072,528.1765480800062,18.98902012946771,485.1880819999934,528.1943850000062,NVIDIA H100 80GB HBM3,
200,70,50,3,10,508.8928473999658,523.2842782000034,524.9581448199501,13.937512109719668,485.9444299997904,525.1441299999442,NVIDIA H100 80GB HBM3,
200,75,50,3,10,628.4180484000003,636.504791199998,656.6421785199972,11.795012291564763,617.6984599999997,658.8796659999971,NVIDIA H100 80GB HBM3,
200,80,50,3,10,505.69438300005913,511.740611899836,514.4342093901355,5.517799979026995,497.963307000191,514.7334980001688,NVIDIA H100 80GB HBM3,
200,85,50,3,10,672.160428800001,679.7847999000013,691.6895553900066,13.588459798038585,639.8629740000033,693.0123060000071,NVIDIA H100 80GB HBM3,
200,90,50,3,10,556.9923467000009,561.360377699998,565.3779914699996,4.533890615789958,550.5929039999984,565.8243929999998,NVIDIA H100 80GB HBM3,
200,95,50,3,10,527.9570714000329,539.2295227000659,541.6292748701676,7.186645024497146,521.351500000037,541.8959140001789,NVIDIA H100 80GB HBM3,
200,100,50,3,10,513.2116476999954,516.1092457999302,517.9903476799359,2.783514863492218,509.3051009998817,518.1993589999365,NVIDIA H100 80GB HBM3,
300,5,75,3,10,491.8882356000268,567.0625561000634,597.1455357100149,50.7898474726602,447.0397939999202,600.4880890000095,NVIDIA H100 80GB HBM3,
300,10,75,3,10,507.5924873999981,527.1236114000033,540.3990853399978,18.9149457947891,484.7133030000066,541.8741379999972,NVIDIA H100 80GB HBM3,
300,15,75,3,10,565.8268433999638,573.7805365998611,584.6761106598569,8.683859962230114,557.8924110000116,585.8867299998565,NVIDIA H100 80GB HBM3,
300,20,75,3,10,475.78196140000136,498.96718240000695,504.42976084,17.95463071431575,447.7730640000033,505.0367139999992,NVIDIA H100 80GB HBM3,
300,25,75,3,10,565.1365581999698,578.5443372998998,594.3401578299654,13.000396339049145,552.3488400001497,596.0952489999727,NVIDIA H100 80GB HBM3,
300,30,75,3,10,608.0799844000239,617.1812008000188,619.8735986801125,7.536584094280834,597.0766370001002,620.172754000123,NVIDIA H100 80GB HBM3,
300,35,75,3,10,570.1982283999769,585.1557264000803,593.3313350399749,12.8247769363514,552.9715879999912,594.2397359999632,NVIDIA H100 80GB HBM3,
300,40,75,3,10,591.2252655999737,596.5398205000838,597.2421836499962,4.275235995250747,585.2594010000303,597.3202239999864,NVIDIA H100 80GB HBM3,
300,45,75,3,10,605.9621256000128,627.4223491000384,628.8990447099445,22.368762077791075,561.9155689998934,629.0631219999341,NVIDIA H100 80GB HBM3,
300,50,75,3,10,513.4296992000145,520.209219899948,520.9782492900354,5.373038334979659,504.2365649999283,521.0636970000451,NVIDIA H100 80GB HBM3,
300,55,75,3,10,485.2874058000225,491.0048941000923,491.12769900998273,4.474794438408087,478.5152489998836,491.14134399997056,NVIDIA H100 80GB HBM3,
300,60,75,3,10,528.2700245000015,545.4782482000013,546.6316736200059,11.865431511606731,512.8784380000013,546.7598320000064,NVIDIA H100 80GB HBM3,
300,65,75,3,10,653.0767406999992,660.8970515999985,662.8736751599997,6.260374926851538,644.9233070000062,663.0932999999999,NVIDIA H100 80GB HBM3,
300,70,75,3,10,504.8761347999971,515.1720882999371,517.6186228299844,10.023398475416458,486.667776999866,517.8904599999896,NVIDIA H100 80GB HBM3,
300,75,75,3,10,719.5498586999975,738.6496998998382,738.9114910899593,16.01458107987739,693.4503980000954,738.9405789999728,NVIDIA H100 80GB HBM3,
300,80,75,3,10,646.8185136000329,653.966684199986,654.0179426201121,7.111824011536376,632.7078239999082,654.0236380001261,NVIDIA H100 80GB HBM3,
300,85,75,3,10,658.1144938999614,661.6650301999698,665.4199164198303,4.126875382963731,652.4971229998755,665.8371259998148,NVIDIA H100 80GB HBM3,
300,90,75,3,10,722.185241699998,728.795943099989,734.4281979100039,6.704596238893449,711.367101999997,735.0540040000055,NVIDIA H100 80GB HBM3,
300,95,75,3,10,730.7619322000619,734.7457551001526,734.8582568099732,4.738529377535625,719.3415419999383,734.8707569999533,NVIDIA H100 80GB HBM3,
300,100,75,3,10,640.9759251000012,645.4094125999973,656.0080487599942,6.861615044623696,632.1018200000026,657.1856749999938,NVIDIA H100 80GB HBM3,
400,5,100,3,10,418.3908137999879,420.55445279988817,420.8286442798181,1.641277815006246,415.20765600012055,420.85910999981024,NVIDIA H100 80GB HBM3,
400,10,100,3,10,528.4981145999836,534.0380141998139,536.5995679199477,4.27455687117179,524.1371019999406,536.8841849999626,NVIDIA H100 80GB HBM3,
400,15,100,3,10,486.7390228000204,490.4266514001165,490.5995005400814,3.0885561979324536,481.567645000041,490.6187060000775,NVIDIA H100 80GB HBM3,
400,20,100,3,10,613.3799869000001,623.3294296999986,625.8902017699959,12.463031999184476,589.1052700000046,626.1747319999955,NVIDIA H100 80GB HBM3,
400,25,100,3,10,416.8987707999577,424.66439890006313,425.1562705899119,4.325281225715865,413.3563699999741,425.2109229998951,NVIDIA H100 80GB HBM3,
400,30,100,3,10,593.8174423999953,599.269011700062,600.7269444700387,6.44998798220768,580.258780000122,600.8889370000361,NVIDIA H100 80GB HBM3,
400,35,100,3,10,631.121997600053,645.4936260000977,656.4626865001537,12.046161836426505,619.849540000132,657.68147100016,NVIDIA H100 80GB HBM3,
400,40,100,3,10,569.3069764000029,576.2324212999829,577.8464621299781,6.891625481004282,557.408728999917,578.0257999999776,NVIDIA H100 80GB HBM3,
400,45,100,3,10,565.4241499999998,575.7964078999961,586.1774480900006,13.240881171730758,542.7579529999917,587.3308970000011,NVIDIA H100 80GB HBM3,
400,50,100,3,10,587.774478499955,618.5833115999912,624.7681038598671,23.441839370890836,554.8785850000968,625.4553029998533,NVIDIA H100 80GB HBM3,
400,55,100,3,10,546.2553884000044,571.4743212998883,573.1921555300801,21.41746748681047,521.2350710000919,573.3830260001014,NVIDIA H100 80GB HBM3,
400,60,100,3,10,648.5428749000007,667.2546739000082,674.8175620900004,18.58199340212796,623.9964060000034,675.6578829999995,NVIDIA H100 80GB HBM3,
400,65,100,3,10,649.7205762999783,658.8135417998956,666.1043501800145,9.263027115543302,634.9926870000218,666.9144400000278,NVIDIA H100 80GB HBM3,
400,70,100,3,10,608.470473999995,623.4312601000013,626.5306854099971,13.759627891421584,591.0972279999953,626.8750659999967,NVIDIA H100 80GB HBM3,
400,75,100,3,10,691.8082455000558,695.816289399977,700.6282353399206,4.614205302888789,684.8629329999767,701.1628959999143,NVIDIA H100 80GB HBM3,
400,80,100,3,10,707.2078288999819,721.7004055998359,747.1223900598875,19.68626178137276,681.0119629999463,749.9470549998932,NVIDIA H100 80GB HBM3,
400,85,100,3,10,655.1668197000026,669.1241137999924,672.353144780004,12.37371485928248,637.8794110000001,672.7119260000052,NVIDIA H100 80GB HBM3,
400,90,100,3,10,786.5187253000158,793.188093100116,799.3853715099976,7.405774326638167,776.0684490001495,800.0739579999845,NVIDIA H100 80GB HBM3,
400,95,100,3,10,758.9272445000006,781.5093665000177,797.0208057501736,28.138055790493336,710.4003940000894,798.744299000191,NVIDIA H100 80GB HBM3,
400,100,100,3,10,956.9937407999988,1070.52579949991,1081.1038527499795,94.27584311781337,861.3103280001724,1082.2791919999872,NVIDIA H100 80GB HBM3,
500,5,125,3,10,481.1520289999862,485.33330489995024,490.0236738899093,4.908160867366471,474.4502510000075,490.5448259999048,NVIDIA H100 80GB HBM3,
500,10,125,3,10,541.2378133000033,561.1633935000071,564.4942876500008,17.990988820530536,515.8319839999876,564.8643870000001,NVIDIA H100 80GB HBM3,
500,15,125,3,10,477.5425340000311,505.2010584000982,521.1247301399135,19.9827412103624,457.81084500004,522.894026999893,NVIDIA H100 80GB HBM3,
500,20,125,3,10,519.3747193999968,529.4120225999876,540.2638809599981,10.378913943479878,506.6443800000115,541.4696429999992,NVIDIA H100 80GB HBM3,
500,25,125,3,10,565.5801567000026,572.0322044000341,574.2837322399896,4.759488895343524,559.8017889999483,574.5339019999847,NVIDIA H100 80GB HBM3,
500,30,125,3,10,584.0159228000034,602.1905686000053,605.7099100599797,17.049834381018798,555.465603000016,606.1009479999768,NVIDIA H100 80GB HBM3,
500,35,125,3,10,573.8836547999654,582.2509937999939,589.530454080043,8.302366495154297,562.8271319999385,590.3392830000485,NVIDIA H100 80GB HBM3,
500,40,125,3,10,668.6871218000533,682.5528275000806,684.9810090501,11.229784451182311,652.253920000021,685.2508070001022,NVIDIA H100 80GB HBM3,
500,45,125,3,10,587.5576013999989,601.9955750000037,607.0270762999954,14.030190160202851,569.5175419999998,607.5861319999944,NVIDIA H100 80GB HBM3,
500,50,125,3,10,595.6423377000192,605.8263194000801,619.9069090400485,11.642908497724829,579.5854939999572,621.471419000045,NVIDIA H100 80GB HBM3,
500,55,125,3,10,549.4083753999803,554.4376929999999,554.9647114000027,4.494857798315384,541.1458860000948,555.023269000003,NVIDIA H100 80GB HBM3,
500,60,125,3,10,584.1802799000334,589.4032927000808,592.1340351700292,5.998652830010169,569.7314579999784,592.4374510000234,NVIDIA H100 80GB HBM3,
500,65,125,3,10,665.285269200004,671.0640497000056,672.3226819700044,3.978810452441007,660.5975290000003,672.4625300000042,NVIDIA H100 80GB HBM3,
500,70,125,3,10,577.9901606000067,586.7449623999391,599.0663292400063,10.029963505314225,562.8251630000705,600.4353700000138,NVIDIA H100 80GB HBM3,
500,75,125,3,10,667.4366318000239,673.9479893999714,677.6373644401497,5.595815849683539,661.1076330000287,678.0472950001695,NVIDIA H100 80GB HBM3,
500,80,125,3,10,791.8006871000216,803.9181649001648,808.3433965900281,13.243266277498906,759.8911459999727,808.8350890000129,NVIDIA H100 80GB HBM3,
500,85,125,3,10,779.8769651999692,822.1580389998508,826.0441273999368,44.15637291723369,705.8259149998776,826.4759149999463,NVIDIA H100 80GB HBM3,
500,90,125,3,10,653.1156328000179,660.6734146000917,668.6027929599527,9.505246394873684,633.0060600000706,669.4838349999372,NVIDIA H100 80GB HBM3,
500,95,125,3,10,858.3314474999952,874.8929861998704,878.3180404199743,11.585203696157024,843.4558530000231,878.6986019999858,NVIDIA H100 80GB HBM3,
500,100,125,3,10,889.2682131999891,903.6783887999492,952.4839975800364,29.16143007220988,852.4535760000163,957.906843000046,NVIDIA H100 80GB HBM3,
600,5,150,3,10,474.16008230004536,480.9693188999745,483.368416589999,5.729502045699598,466.0390080000525,483.63498300000174,NVIDIA H100 80GB HBM3,
600,10,150,3,10,576.4992767999971,583.5613359000049,583.6406745899997,6.995550645160736,561.2699309999982,583.6494899999991,NVIDIA H100 80GB HBM3,
600,15,150,3,10,535.7378862000132,565.3632331001518,566.0920395099902,23.54921605318578,507.83441099997617,566.1730179999722,NVIDIA H100 80GB HBM3,
600,20,150,3,10,548.2355760000019,555.9720630999436,559.6860759098035,8.304896902369562,533.825373999889,560.098743999788,NVIDIA H100 80GB HBM3,
600,25,150,3,10,634.6886300000278,645.1845539999795,645.8057186999849,7.85282251742789,620.180849999997,645.8747369999855,NVIDIA H100 80GB HBM3,
600,30,150,3,10,590.3929165999983,609.0988203000023,617.0485677300034,15.47594501777926,562.134479000008,617.9318730000034,NVIDIA H100 80GB HBM3,
600,35,150,3,10,614.5155270000032,618.1635136999944,618.9428770700101,4.350404928817848,603.4208630000109,619.0294730000119,NVIDIA H100 80GB HBM3,
600,40,150,3,10,641.246420899995,660.6595345999978,662.252971459989,15.416537363582648,613.5898069999826,662.430019999988,NVIDIA H100 80GB HBM3,
600,45,150,3,10,628.4677533999684,638.7633552999887,643.7075005299266,9.219311560750745,615.9876070000792,644.2568499999197,NVIDIA H100 80GB HBM3,
600,50,150,3,10,673.9666255000429,695.6480890001558,698.0967432998864,27.816519201442908,620.097572000077,698.3688159998565,NVIDIA H100 80GB HBM3,
600,55,150,3,10,525.2632731000404,529.1328761000159,530.4112027100268,3.0810773995284464,521.031444000073,530.553239000028,NVIDIA H100 80GB HBM3,
600,60,150,3,10,608.733828000004,613.6631256999635,613.7984823700867,5.012106767198115,600.2089890000661,613.8135220001004,NVIDIA H100 80GB HBM3,
600,65,150,3,10,657.9556727000011,697.1487760000228,835.6609225000159,73.35155440041326,610.246458000006,851.0511610000151,NVIDIA H100 80GB HBM3,
600,70,150,3,10,725.8103804000484,728.8284150001118,730.441011600094,3.4822550419926324,718.9795040001172,730.6201890000921,NVIDIA H100 80GB HBM3,
600,75,150,3,10,740.2397383000334,748.7540738999769,751.192448490126,6.859246777051432,729.3480130001626,751.4633790001426,NVIDIA H100 80GB HBM3,
600,80,150,3,10,775.6513694999967,777.700532699987,779.8236536701756,2.3757194744094097,771.2439269998868,780.0595560001966,NVIDIA H100 80GB HBM3,
600,85,150,3,10,677.1598919999633,694.3675483998277,733.6233997398654,22.999470431329023,659.5356709999578,737.9851609998695,NVIDIA H100 80GB HBM3,
600,90,150,3,10,739.3771863999746,747.7601415999288,749.8980847600978,7.750930885818699,729.43721799993,750.1356340001166,NVIDIA H100 80GB HBM3,
600,95,150,3,10,852.2658772999876,855.4625384000474,856.2246868399711,2.996243751033855,846.8895319999774,856.3093699999627,NVIDIA H100 80GB HBM3,
600,100,150,3,10,797.9302051000104,801.1386555999252,802.0895275599014,2.586503371647117,794.7162709999702,802.1951799998988,NVIDIA H100 80GB HBM3,
700,5,175,3,10,561.6208475000036,578.4021456000062,601.9897878600074,18.39060266071,536.3858689999859,604.6106370000075,NVIDIA H100 80GB HBM3,
700,10,175,3,10,588.9003177000006,594.2728476999974,594.4540017700078,3.3543874880859104,585.1288269999912,594.4741300000089,NVIDIA H100 80GB HBM3,
700,15,175,3,10,630.049078700003,631.835682000009,637.0562292000166,3.2559820569390827,626.207817000008,637.6362900000174,NVIDIA H100 80GB HBM3,
700,20,175,3,10,620.2002922999327,653.1477005999932,684.6511974600025,27.39328454581709,601.0693829998672,688.1515860000036,NVIDIA H100 80GB HBM3,
700,25,175,3,10,630.9457711000277,639.3469125000593,668.3964973501361,15.263195338264069,616.1645980000685,671.6242290001446,NVIDIA H100 80GB HBM3,
700,30,175,3,10,527.4976245999369,531.5931526000213,538.177412559919,5.661692367503946,518.3327989998361,538.9089969999077,NVIDIA H100 80GB HBM3,
700,35,175,3,10,513.3512652999798,519.7058716999891,521.6904745699685,5.042716452252019,506.0394249999263,521.9109859999662,NVIDIA H100 80GB HBM3,
700,40,175,3,10,693.1564081999795,717.3952764001115,725.5434908398229,23.60916039539838,652.2281179998117,726.4488479997908,NVIDIA H100 80GB HBM3,
700,45,175,3,10,673.3244472000024,679.2623775000038,686.3754613499646,6.389520145510525,662.553275999926,687.1658039999602,NVIDIA H100 80GB HBM3,
700,50,175,3,10,695.0130852999791,727.2330713999054,730.7262968401074,25.98473305047452,657.691069999828,731.1144330001298,NVIDIA H100 80GB HBM3,
700,55,175,3,10,693.6087273999874,715.9449283999948,730.3622755399647,23.122075291505208,663.2835220000288,731.9642029999613,NVIDIA H100 80GB HBM3,
700,60,175,3,10,730.9209713999991,740.0298434000064,744.7920148399928,6.6118079480504965,725.4782979999845,745.3211449999912,NVIDIA H100 80GB HBM3,
700,65,175,3,10,733.158666400027,739.9806100000887,746.6935498001817,7.570989958625937,724.0587699998287,747.439432000192,NVIDIA H100 80GB HBM3,
700,70,175,3,10,792.3037075999673,796.5166338998415,797.9020651898395,3.9764525365881984,784.6042889998444,798.0560019998393,NVIDIA H100 80GB HBM3,
700,75,175,3,10,819.4410945000072,824.9436726999875,829.5854967700393,4.748268353009332,813.0892859999221,830.1012550000451,NVIDIA H100 80GB HBM3,
700,80,175,3,10,825.9029677000171,831.6807795000386,832.017646350173,4.837570983682642,815.4416059999221,832.0550760001879,NVIDIA H100 80GB HBM3,
700,85,175,3,10,800.5137782000475,809.7295380000105,812.7099330000829,8.083783747926807,787.375591,813.0410880000909,NVIDIA H100 80GB HBM3,
700,90,175,3,10,902.4018206000164,907.8589457998532,908.1222832800132,4.274944609146736,898.0068369999117,908.1515430000308,NVIDIA H100 80GB HBM3,
700,95,175,3,10,828.0835873999962,839.1727713999842,842.0820192399827,13.931462264547918,804.978602999995,842.4052689999826,NVIDIA H100 80GB HBM3,
700,100,175,3,10,803.6617682000042,808.4397302000298,810.3189237199581,5.7426058664549045,792.9714979998153,810.5277229999501,NVIDIA H100 80GB HBM3,
800,5,200,3,10,475.9719515999677,502.9981883000119,503.8533077298439,18.910992715329737,456.64265999994313,503.9483209998252,NVIDIA H100 80GB HBM3,
800,10,200,3,10,642.0953609000009,645.3710515999973,645.7627562599985,2.9700839966074226,636.270713999977,645.8062789999985,NVIDIA H100 80GB HBM3,
800,15,200,3,10,535.2813005999991,554.8995305000062,556.9429944500098,14.106504576155585,517.5707079999938,557.1700460000102,NVIDIA H100 80GB HBM3,
800,20,200,3,10,592.4240883000009,618.8703683000199,621.9177284300071,24.626066643387357,557.0812079999996,622.2563240000056,NVIDIA H100 80GB HBM3,
800,25,200,3,10,554.9996889999875,559.8029222999912,561.5562750299046,3.726611096649114,550.0235970000631,561.7510919998949,NVIDIA H100 80GB HBM3,
800,30,200,3,10,514.0484759999708,519.6101223999449,522.7440318398385,6.238222098705407,505.20692199984296,523.0922439998267,NVIDIA H100 80GB HBM3,
800,35,200,3,10,544.9214894999841,547.8287447999037,550.6456963799951,3.0797097557379223,540.253833999941,550.9586910000053,NVIDIA H100 80GB HBM3,
800,40,200,3,10,700.5061959000159,711.2404758001048,721.1710093800457,9.709630067285907,689.4856119999986,722.2744020000391,NVIDIA H100 80GB HBM3,
800,45,200,3,10,577.8978114999518,585.4130458998497,587.522438989904,6.146062105928375,569.6362639998824,587.75681599991,NVIDIA H100 80GB HBM3,
800,50,200,3,10,623.7039440999979,639.0634646000308,677.1215057598101,21.49560340507009,608.3796220000295,681.3501769997856,NVIDIA H100 80GB HBM3,
800,55,200,3,10,794.4376242000544,811.3699275000499,823.2351274500456,15.014582326751508,770.8504540000831,824.5534830000452,NVIDIA H100 80GB HBM3,
800,60,200,3,10,664.0898385000582,671.9788283001435,676.0799012301095,8.540567264709239,651.5076720002071,676.5355760001057,NVIDIA H100 80GB HBM3,
800,65,200,3,10,840.4386747999752,852.2577053999157,897.0280529400407,22.93863347909268,821.1699020000651,902.0025360000544,NVIDIA H100 80GB HBM3,
800,70,200,3,10,879.4074416000285,882.319936799945,883.4639548799828,3.7531458024470647,872.2675789999812,883.591067999987,NVIDIA H100 80GB HBM3,
800,75,200,3,10,738.5733389999587,744.9917136998465,748.4507838699074,5.961677568997073,729.4640979998803,748.8351249999141,NVIDIA H100 80GB HBM3,
800,80,200,3,10,916.462092699976,927.9669989000922,929.2905623900016,9.692959822955416,904.2613889998848,929.4376249999914,NVIDIA H100 80GB HBM3,
800,85,200,3,10,870.8414791000223,879.81472700003,880.9436483000445,7.648880432522957,858.711774999847,881.0690840000461,NVIDIA H100 80GB HBM3,
800,90,200,3,10,900.4533258000038,908.1048592001252,913.9159952199566,8.699418326008356,882.1079480001117,914.5616769999378,NVIDIA H100 80GB HBM3,
800,95,200,3,10,841.4939593000554,868.0444557000556,885.8093813700816,20.95905613730675,822.812340000155,887.7832620000845,NVIDIA H100 80GB HBM3,
800,100,200,3,10,921.7028921999828,926.2773184000708,928.0999917400824,4.678081578472828,910.9977049999998,928.3025110000837,NVIDIA H100 80GB HBM3,
900,5,225,3,10,537.4200166000036,551.1202542999825,568.6810648299892,17.45368614105013,516.0905699999887,570.6322659999898,NVIDIA H100 80GB HBM3,
900,10,225,3,10,541.3576670000339,545.1689958000088,550.5481960798829,5.583308893273815,529.538852000087,551.1458849998689,NVIDIA H100 80GB HBM3,
900,15,225,3,10,516.1652734999734,521.3872961000561,521.546656309938,5.005006847309317,507.1455190000052,521.5643629999249,NVIDIA H100 80GB HBM3,
900,20,225,3,10,606.5794803000244,617.1023133000972,622.4378748299318,9.963054217466588,587.1656199999506,623.0307149999135,NVIDIA H100 80GB HBM3,
900,25,225,3,10,619.7015960000015,628.9320122000049,628.9853685199995,9.159545674963155,599.0198279999959,628.9912969999989,NVIDIA H100 80GB HBM3,
900,30,225,3,10,605.4211994000013,626.6323861000018,630.254893209997,13.78300510770666,590.7881960000054,630.6573939999964,NVIDIA H100 80GB HBM3,
900,35,225,3,10,596.7197219000354,600.0007964000588,601.7309596398923,3.4014184626067654,591.0453590001907,601.9231999998738,NVIDIA H100 80GB HBM3,
900,40,225,3,10,678.073260999983,688.1462937999771,696.9577070799662,11.50410563376271,656.6323789999728,697.9367529999649,NVIDIA H100 80GB HBM3,
900,45,225,3,10,639.044898200018,691.6370015000439,702.9817359499862,32.606350766197544,610.0221480000982,704.2422619999797,NVIDIA H100 80GB HBM3,
900,50,225,3,10,769.2011912000225,789.3739728000355,790.3131985799632,12.51114536911492,754.1758340000797,790.4175569999552,NVIDIA H100 80GB HBM3,
900,55,225,3,10,753.9689783999847,762.3171891998254,771.0061985198968,8.706269977049494,745.8894270000656,771.9716439999047,NVIDIA H100 80GB HBM3,
900,60,225,3,10,720.8624230999988,737.060696099968,738.9750266099691,12.527532964433412,703.6105860000248,739.1877299999692,NVIDIA H100 80GB HBM3,
900,65,225,3,10,859.5214800999884,904.8193107999396,914.6868911800356,29.07543101594524,824.9227060000521,915.7832890000464,NVIDIA H100 80GB HBM3,
900,70,225,3,10,837.4411469000279,845.4047309000771,847.6327970898842,7.33381744879116,826.6386550001243,847.8803599998628,NVIDIA H100 80GB HBM3,
900,75,225,3,10,888.3409085000039,894.2188150999073,895.3424155100197,4.778885095658641,882.6731850001579,895.4672600000322,NVIDIA H100 80GB HBM3,
900,80,225,3,10,820.1495157999716,823.0776266999328,829.6278026698565,4.254408845235455,815.3794719999041,830.355599999848,NVIDIA H100 80GB HBM3,
900,85,225,3,10,998.8864771999944,1006.023256799972,1006.2146905799092,4.907544139143589,992.5336440001048,1006.235960999902,NVIDIA H100 80GB HBM3,
900,90,225,3,10,994.6546399,1005.2183444998718,1006.0962994500278,8.865123585943168,983.3430699998188,1006.1938500000452,NVIDIA H100 80GB HBM3,
900,95,225,3,10,987.2630660999904,991.9930574000546,1002.4084780400404,6.654563188692977,979.0426700001262,1003.5657470000388,NVIDIA H100 80GB HBM3,
900,100,225,3,10,1104.0275841999571,1134.3786032998423,1236.0982275299623,54.27076709205471,1058.5944460001429,1247.400407999976,NVIDIA H100 80GB HBM3,
1000,5,250,3,10,555.5111822000299,576.6931157000272,581.3522980701282,17.638419275999187,533.5245779999696,581.8699850001394,NVIDIA H100 80GB HBM3,
1000,10,250,3,10,561.6595829000005,581.7658000999813,585.8162788099798,16.966143572798348,537.6814100000047,586.2663319999797,NVIDIA H100 80GB HBM3,
1000,15,250,3,10,553.5805899999559,559.0941252999755,565.2075460298943,5.9900703875801815,544.6592779999264,565.8868149998852,NVIDIA H100 80GB HBM3,
1000,20,250,3,10,578.2916366000109,589.9377082000285,600.5292779200278,12.769430359785373,558.0813529999773,601.7061190000277,NVIDIA H100 80GB HBM3,
1000,25,250,3,10,684.3041702000164,701.5884030000279,754.7519916001033,30.008966024244835,660.5913169998985,760.6590570001117,NVIDIA H100 80GB HBM3,
1000,30,250,3,10,621.9945820000248,627.0460624999032,629.5629228501002,4.139500343035658,615.946810999958,629.8425740001221,NVIDIA H100 80GB HBM3,
1000,35,250,3,10,572.5387178000119,574.5909283998571,574.6732600399355,1.8769154067479823,568.3347990000129,574.6824079999442,NVIDIA H100 80GB HBM3,
1000,40,250,3,10,742.6570090000268,750.1130400000648,760.9261268999694,11.444260931485449,718.6512389998825,762.1275809999588,NVIDIA H100 80GB HBM3,
1000,45,250,3,10,674.864680899998,685.5859048000298,686.0238458800177,8.991041715735308,661.371216999953,686.0725060000163,NVIDIA H100 80GB HBM3,
1000,50,250,3,10,787.4196921000248,797.3787669998501,808.8792441999908,11.770989780191147,768.4665490000953,810.1570750000064,NVIDIA H100 80GB HBM3,
1000,55,250,3,10,825.1882982000552,869.2384292998668,900.5374230300231,36.46820396336248,778.3965270000408,904.0150890000403,NVIDIA H100 80GB HBM3,
1000,60,250,3,10,840.7068274999574,847.7207655000029,854.4704914500403,9.190981563473844,821.702865999896,855.2204610000445,NVIDIA H100 80GB HBM3,
1000,65,250,3,10,846.3260487000525,885.3399876000367,888.3488832600096,22.709595288375688,821.916364000117,888.6832050000066,NVIDIA H100 80GB HBM3,
1000,70,250,3,10,834.4365620000077,856.2137361999874,860.6407766200147,18.041916539155537,800.2231649999771,861.1326700000177,NVIDIA H100 80GB HBM3,
1000,75,250,3,10,766.1975819999725,771.2952641999664,772.4412052199273,4.598161970095919,758.2884349999404,772.5685319999229,NVIDIA H100 80GB HBM3,
1000,80,250,3,10,866.0815413000137,875.6097227001192,891.3999817700642,10.962169897653917,856.440738999936,893.1544550000581,NVIDIA H100 80GB HBM3,
1000,85,250,3,10,1067.4088864000169,1075.9300914000278,1079.0053487400814,9.41145507440566,1047.7951799998664,1079.3470440000874,NVIDIA H100 80GB HBM3,
1000,90,250,3,10,913.6503034000044,919.5187063998674,920.38137583997,6.102007742487062,905.5005269999584,920.4772279999816,NVIDIA H100 80GB HBM3,
1000,95,250,3,10,901.8742682000038,904.6648822000634,906.6759437199904,2.711796306572695,898.1885040000179,906.8993949999822,NVIDIA H100 80GB HBM3,
1000,100,250,3,10,1012.1635665000211,1015.5692959001271,1027.2712192900349,7.760035119357671,996.9049649998852,1028.5714330000246,NVIDIA H100 80GB HBM3,
1100,5,275,3,10,573.6056120000512,578.9711035999062,588.287825660168,7.504353801171288,563.3635720000711,589.3230170001971,NVIDIA H100 80GB HBM3,
1100,10,275,3,10,648.9550046999511,660.998986699974,665.0524672699044,8.976796237873387,636.6844439999113,665.5028539998966,NVIDIA H100 80GB HBM3,
1100,15,275,3,10,607.1715621999886,622.472183800005,631.5665300800026,13.354737156299132,588.3065729999544,632.5770130000024,NVIDIA H100 80GB HBM3,
1100,20,275,3,10,681.128429000003,685.226635099994,686.0161105100062,3.425511655013923,676.9657640000162,686.1038300000075,NVIDIA H100 80GB HBM3,
1100,25,275,3,10,632.189718199993,648.8839027999688,651.1018674799675,10.667678933691631,620.0482540000394,651.3483079999673,NVIDIA H100 80GB HBM3,
1100,30,275,3,10,662.3872762999952,675.6192857999906,676.5627235799906,10.741388682946058,644.4647370000212,676.6675499999906,NVIDIA H100 80GB HBM3,
1100,35,275,3,10,638.0691801000467,644.4231084999956,646.3994153500425,5.268440753007527,628.1161940000857,646.6190050000478,NVIDIA H100 80GB HBM3,
1100,40,275,3,10,777.4693839999969,797.9261278000138,801.4563734799867,16.764065793471385,758.1243669999935,801.8486229999837,NVIDIA H100 80GB HBM3,
1100,45,275,3,10,736.4097639000022,762.7541939999958,763.3290509999625,21.23435552162475,705.3660120000131,763.3929239999588,NVIDIA H100 80GB HBM3,
1100,50,275,3,10,703.5670501000368,714.2909554001335,718.9894932400807,9.26386178178736,692.5686590000169,719.5115530000749,NVIDIA H100 80GB HBM3,
1100,55,275,3,10,872.7635056000054,880.8661619999612,887.9523254998844,7.762479708705447,864.3219010000394,888.7396769998759,NVIDIA H100 80GB HBM3,
1100,60,275,3,10,731.4942424999572,734.693279899966,737.0905469900117,3.231369538067425,725.9010719999424,737.3569100000168,NVIDIA H100 80GB HBM3,
1100,65,275,3,10,897.8683979000152,915.5173100000638,936.3418997000304,19.666524061917904,876.1818670000139,938.6557430000266,NVIDIA H100 80GB HBM3,
1100,70,275,3,10,962.741202899994,966.2515010999896,973.1700602099878,5.820251911354246,952.7352960000144,973.9387889999877,NVIDIA H100 80GB HBM3,
1100,75,275,3,10,883.2371812000076,891.6501392000214,899.7819414199921,8.400267106507123,872.8556800000433,900.6854749999889,NVIDIA H100 80GB HBM3,
1100,80,275,3,10,1031.000356499953,1049.54839909999,1062.7563814099744,18.29231524924468,1008.171824000101,1064.2239349999727,NVIDIA H100 80GB HBM3,
1100,85,275,3,10,934.6302619000198,940.9863325999822,946.2297185599688,6.893101035912499,925.2233330000764,946.8123169999672,NVIDIA H100 80GB HBM3,
1100,90,275,3,10,1022.6909829000022,1035.143091400016,1035.1623888400013,13.09805547046213,992.4708380000312,1035.1645329999997,NVIDIA H100 80GB HBM3,
1100,95,275,3,10,1150.061539800001,1164.8913380999886,1171.056621509997,11.475697195808737,1133.4529590000102,1171.741652999998,NVIDIA H100 80GB HBM3,
1100,100,275,3,10,1225.0753297999836,1249.1693962,1249.8873818199013,19.48894370502808,1197.8019420000692,1249.9671579998903,NVIDIA H100 80GB HBM3,
1200,5,300,3,10,624.7673675000044,644.3337899999904,645.6278460000107,15.66781674976849,604.1469120000329,645.7716300000129,NVIDIA H100 80GB HBM3,
1200,10,300,3,10,703.7950731999956,711.8115121999978,715.9510188200043,7.095551569418032,692.7352189999851,716.4109640000049,NVIDIA H100 80GB HBM3,
1200,15,300,3,10,603.3039561999431,640.8252763998689,642.4381678400482,30.65541444359774,550.2210350000496,642.6173780000681,NVIDIA H100 80GB HBM3,
1200,20,300,3,10,708.1715992000454,714.7196167000175,719.7807291700678,6.348315577804853,699.1250850001052,720.3430750000734,NVIDIA H100 80GB HBM3,
1200,25,300,3,10,742.361125399998,745.6639664998647,747.896865150135,3.449055097957124,735.6272510000963,748.144965000165,NVIDIA H100 80GB HBM3,
1200,30,300,3,10,732.8667808999967,740.1087682999929,743.8204661300009,9.375875624640384,715.1526779999813,744.2328770000017,NVIDIA H100 80GB HBM3,
1200,35,300,3,10,687.4240455000006,696.3116620000051,700.2958089999743,8.929140150263379,673.9656970000283,700.7384919999708,NVIDIA H100 80GB HBM3,
1200,40,300,3,10,695.4741995000177,711.3941915999476,711.6369453600964,9.395492057867562,685.4271280001285,711.663918000113,NVIDIA H100 80GB HBM3,
1200,45,300,3,10,851.3189759000625,891.6277394999724,915.4806964500812,34.6070172038452,802.7947400000812,918.1310250000934,NVIDIA H100 80GB HBM3,
1200,50,300,3,10,866.0984118000017,878.7682518000167,882.2819653799974,8.80279683285254,857.4227179999809,882.6723779999952,NVIDIA H100 80GB HBM3,
1200,55,300,3,10,923.9584307000086,944.8425667999572,950.14038638001,20.354647542328284,886.1349130002054,950.729033000016,NVIDIA H100 80GB HBM3,
1200,60,300,3,10,949.2527252999708,969.7709214000496,974.2982414400922,17.076110597310674,922.6928580001186,974.8012770000968,NVIDIA H100 80GB HBM3,
1200,65,300,3,10,817.41543429996,896.5709364999839,925.51795914992,50.82584945812196,782.9772969998885,928.7342949999128,NVIDIA H100 80GB HBM3,
1200,70,300,3,10,1005.4940967999528,1013.5085224998876,1020.0689676498724,9.048546298766412,991.54548599995,1020.7979059998706,NVIDIA H100 80GB HBM3,
1200,75,300,3,10,1017.8497279000112,1044.1545932999816,1052.512621230112,24.963037013239298,977.221433000068,1053.4412910001265,NVIDIA H100 80GB HBM3,
1200,80,300,3,10,1096.3018378000015,1112.588973000038,1123.5498525000503,19.11059333989608,1061.1895039999126,1124.7677280000516,NVIDIA H100 80GB HBM3,
1200,85,300,3,10,1050.431635099926,1074.459788900026,1078.5579668898504,19.93112438233028,1021.107438000172,1079.0133199998309,NVIDIA H100 80GB HBM3,
1200,90,300,3,10,1195.2054541999814,1200.8588902001293,1213.6608689199625,9.353148857017503,1178.052919000038,1215.083310999944,NVIDIA H100 80GB HBM3,
1200,95,300,3,10,1216.2101726999936,1270.3006687001107,1298.6757762700472,41.19058213079576,1171.8609680001464,1301.8285660000402,NVIDIA H100 80GB HBM3,
1200,100,300,3,10,1258.47892270001,1287.8402169999615,1291.8309249999788,21.569905860982463,1235.5186669999512,1292.2743369999807,NVIDIA H100 80GB HBM3,
1300,5,325,3,10,581.362819400033,592.2702455999342,620.4483198600315,17.324714162664268,561.1578829998507,623.5792170000423,NVIDIA H100 80GB HBM3,
1300,10,325,3,10,638.6320226999715,662.4771086999544,662.6027615699309,20.76358135585176,602.0484950001901,662.6167229999282,NVIDIA H100 80GB HBM3,
1300,15,325,3,10,576.2385783999207,584.0472459998864,694.3876086999285,46.0980692843201,552.60069499991,706.6476489999332,NVIDIA H100 80GB HBM3,
1300,20,325,3,10,749.6291238000055,798.3070073000135,854.4987590299957,45.408831446555325,716.1315670000192,860.7422869999937,NVIDIA H100 80GB HBM3,
1300,25,325,3,10,677.35124510001,684.0073309000331,703.7672233900184,11.40457805780214,663.3026520000271,705.9627670000168,NVIDIA H100 80GB HBM3,
1300,30,325,3,10,682.0422747999941,703.8706588000139,717.701804080005,18.884883063378822,658.4538839999823,719.238598000004,NVIDIA H100 80GB HBM3,
1300,35,325,3,10,729.0735996000194,734.4279837999466,739.8975881799856,6.425167641053172,717.9238300000179,740.50532199999,NVIDIA H100 80GB HBM3,
1300,40,325,3,10,745.5484151000519,751.1787592000474,754.3047209200085,6.770759215722154,733.7767330000133,754.6520500000042,NVIDIA H100 80GB HBM3,
1300,45,325,3,10,781.216611900004,800.1098783001453,803.549983130024,15.497089763796742,763.9836969999578,803.9322170000105,NVIDIA H100 80GB HBM3,
1300,50,325,3,10,804.5437744999958,813.8378498999941,832.9196508900293,12.467544491105247,791.6549919999625,835.0398510000332,NVIDIA H100 80GB HBM3,
1300,55,325,3,10,1005.3646098000628,1012.3344434999808,1019.6321830501006,6.831102760848959,996.1945969998852,1020.443043000114,NVIDIA H100 80GB HBM3,
1300,60,325,3,10,1005.900769099958,1013.5787348999202,1013.7501948900264,4.732853125164878,1000.7447400000729,1013.769246000038,NVIDIA H100 80GB HBM3,
1300,65,325,3,10,883.5668883000153,892.5184753000167,896.2397149298818,6.991195303878878,874.5779739999762,896.6531859998668,NVIDIA H100 80GB HBM3,
1300,70,325,3,10,1105.2933645000169,1119.2686530999708,1122.9449280100062,13.990410176511809,1077.0291479998375,1123.35340300001,NVIDIA H100 80GB HBM3,
1300,75,325,3,10,1175.3676370999756,1185.6060381998986,1189.2188504201365,12.907319250229053,1149.2895689998477,1189.620274000163,NVIDIA H100 80GB HBM3,
1300,80,325,3,10,1157.399671600001,1176.1502000000064,1202.7583922001736,20.497639049911974,1125.5516020000869,1205.7148580001922,NVIDIA H100 80GB HBM3,
1300,85,325,3,10,1020.6003667000232,1024.716377300024,1028.002808930103,4.794474472307198,1014.297408000175,1028.3679680001114,NVIDIA H100 80GB HBM3,
1300,90,325,3,10,1275.348089000022,1305.8762117998867,1337.937192780014,33.24310359735537,1227.3923139998717,1341.499524000028,NVIDIA H100 80GB HBM3,
1300,95,325,3,10,1298.4045303000585,1309.6592101000851,1311.5654973100595,9.488181514360292,1286.985049000123,1311.777307000057,NVIDIA H100 80GB HBM3,
1300,100,325,3,10,1241.975733700042,1251.6657581999425,1253.0384182200032,9.146312876558602,1222.4637509998502,1253.19093600001,NVIDIA H100 80GB HBM3,
1400,5,350,3,10,638.5928268000043,643.3321777000629,645.4671165701416,4.086279432964806,632.7168089999304,645.7043320001503,NVIDIA H100 80GB HBM3,
1400,10,350,3,10,550.1530510000066,553.584687200032,557.3016330199994,3.744664973946222,545.0393950000034,557.7146269999957,NVIDIA H100 80GB HBM3,
1400,15,350,3,10,704.4943020999654,710.4953231999161,716.8988122198266,6.926717988027287,694.9107830000685,717.6103109998166,NVIDIA H100 80GB HBM3,
1400,20,350,3,10,625.7674769999767,633.0655926000418,634.5355773600113,6.42847855138695,615.4859220000617,634.6989090000079,NVIDIA H100 80GB HBM3,
1400,25,350,3,10,629.6834792000027,645.6561664999981,647.319683749995,12.347317686952351,615.3909579998071,647.5045189999946,NVIDIA H100 80GB HBM3,
1400,30,350,3,10,661.9792243000347,672.336736199918,672.6431365201302,6.876243881237232,652.8687239999726,672.6771810001537,NVIDIA H100 80GB HBM3,
1400,35,350,3,10,726.3581971000349,734.441404800009,734.5343344799858,6.690195418361126,716.5574939999715,734.5446599999832,NVIDIA H100 80GB HBM3,
1400,40,350,3,10,917.3507124999788,924.4060352999212,933.0293139300534,9.025473451392072,904.031213000053,933.987456000068,NVIDIA H100 80GB HBM3,
1400,45,350,3,10,917.8595740999754,939.5521376001398,949.0811849600414,27.414844637578337,869.0733690000343,950.1399680000304,NVIDIA H100 80GB HBM3,
1400,50,350,3,10,856.6618515000073,863.9533393999727,867.6590278400158,6.795826664123813,846.7879239999547,868.0707710000206,NVIDIA H100 80GB HBM3,
1400,55,350,3,10,859.599845700086,867.1490425000002,871.2155300501377,8.159669703628346,845.8855420001328,871.6673620001529,NVIDIA H100 80GB HBM3,
1400,60,350,3,10,964.2089741000063,977.0113032999972,1081.0246612300257,47.36510194794827,925.294541000028,1092.5817010000287,NVIDIA H100 80GB HBM3,
1400,65,350,3,10,933.4852919000014,937.5031255999148,939.471033560012,4.961786006749666,923.535708000145,939.6896900000228,NVIDIA H100 80GB HBM3,
1400,70,350,3,10,1015.8855800000084,1019.0899317999538,1019.278992279942,3.81157647278475,1007.4020110000674,1019.2999989999408,NVIDIA H100 80GB HBM3,
1400,75,350,3,10,1080.5660948999905,1095.8512035000126,1096.6043860499974,9.85813677763598,1068.6767639999744,1096.6880729999957,NVIDIA H100 80GB HBM3,
1400,80,350,3,10,1214.5520520000673,1227.6566083999796,1235.6346904400948,12.344273487715064,1192.50196400003,1236.5211440001076,NVIDIA H100 80GB HBM3,
1400,85,350,3,10,1418.2473368000274,1432.0312241000463,1433.9443639099318,10.421004840895078,1401.6501840001183,1434.156934999919,NVIDIA H100 80GB HBM3,
1400,90,350,3,10,1347.0127783000407,1361.0150426000246,1362.3694727600446,13.700660120172405,1325.0099450001471,1362.5199650000468,NVIDIA H100 80GB HBM3,
1400,95,350,3,10,1467.8264632000037,1480.572083300035,1485.581093330045,10.433181633461876,1450.898369000015,1486.137650000046,NVIDIA H100 80GB HBM3,
1400,100,350,3,10,1353.9546415999894,1359.4526947000986,1359.742850470086,5.40830942676376,1345.024966999972,1359.775090000085,NVIDIA H100 80GB HBM3,
1500,5,375,3,10,658.1537642000058,667.3513375999391,675.4264430600188,9.974816824755791,644.5022700002028,676.3236770000276,NVIDIA H100 80GB HBM3,
1500,10,375,3,10,712.4108137000036,718.0772767000036,718.0780437700182,5.708217739381602,701.1743349999904,718.0781290000198,NVIDIA H100 80GB HBM3,
1500,15,375,3,10,689.4185607000509,696.8707632001042,714.8075506200394,11.178423273586017,677.4555780000355,716.8005270000322,NVIDIA H100 80GB HBM3,
1500,20,375,3,10,785.3032146999794,808.7490637998826,823.0097196799238,26.68192901930648,740.2771460001532,824.5942369999284,NVIDIA H100 80GB HBM3,
1500,25,375,3,10,779.9294539999892,785.5929254999864,785.702668350068,5.007420930893907,771.1257819998991,785.7148620000771,NVIDIA H100 80GB HBM3,
1500,30,375,3,10,838.9133096000251,862.4805347001029,930.956968370058,37.83766058734913,811.4397940000799,938.5654610000528,NVIDIA H100 80GB HBM3,
1500,35,375,3,10,849.8490600000423,894.5214152000517,917.1632253200504,32.58998812025376,822.1009440001126,919.6789820000504,NVIDIA H100 80GB HBM3,
1500,40,375,3,10,832.1769890000041,841.722796900018,848.1069244900215,9.130239090647471,817.371517999959,848.8162720000219,NVIDIA H100 80GB HBM3,
1500,45,375,3,10,824.9123788000021,834.9338570999862,835.8439982100197,8.1610485823981,812.534702999983,835.9451250000234,NVIDIA H100 80GB HBM3,
1500,50,375,3,10,1007.8910523000104,1035.987350000164,1041.3014441001246,25.968700635189464,952.4343179998596,1041.8918990001202,NVIDIA H100 80GB HBM3,
1500,55,375,3,10,897.7833790000204,905.5200346001128,907.4804743599952,5.822805678060103,890.5326990000049,907.6983009999822,NVIDIA H100 80GB HBM3,
1500,60,375,3,10,1023.8939188999892,1030.3361346000202,1030.871679060101,6.231662508973133,1015.9998169999652,1030.93118400011,NVIDIA H100 80GB HBM3,
1500,65,375,3,10,993.616487200029,997.5910251001096,997.6785140101628,3.666398645511051,987.5826439999856,997.6882350001688,NVIDIA H100 80GB HBM3,
1500,70,375,3,10,1121.656360499992,1140.4103021998935,1145.3594767198706,12.911553888910658,1110.1923010000974,1145.909384999868,NVIDIA H100 80GB HBM3,
1500,75,375,3,10,1227.937380600065,1243.8852133999944,1246.34188184006,14.458703658937504,1202.2698840000885,1246.6148450000674,NVIDIA H100 80GB HBM3,
1500,80,375,3,10,1147.5229553999952,1154.680576799933,1162.868686980039,9.18835721685208,1127.619993000053,1163.7784770000508,NVIDIA H100 80GB HBM3,
1500,85,375,3,10,1466.9927612000265,1476.0238774000982,1480.530663940151,9.537960715269056,1448.9665620001233,1481.031418000157,NVIDIA H100 80GB HBM3,
1500,90,375,3,10,1478.477321499986,1483.3758077000766,1484.822116969949,4.956295576587647,1468.060463000029,1484.982817999935,NVIDIA H100 80GB HBM3,
1500,95,375,3,10,1236.5972735999776,1244.9113905000331,1248.806360549936,6.9956257523620975,1227.857462999964,1249.2391349999252,NVIDIA H100 80GB HBM3,
1500,100,375,3,10,1489.120102899983,1495.7846785999209,1498.1864792599072,5.419525614572934,1481.4571370000067,1498.4533459999057,NVIDIA H100 80GB HBM3,
1600,5,400,3,10,645.8388970999977,657.9215956000098,665.6449423599747,12.49307224924069,626.1044229999584,666.5030919999708,NVIDIA H100 80GB HBM3,
1600,10,400,3,10,685.9946423999872,710.7974360999606,718.4104973099659,18.993664376885683,654.4392530000209,719.2563929999665,NVIDIA H100 80GB HBM3,
1600,15,400,3,10,604.2017849000331,608.4805011000526,614.4192761100362,4.708816408671847,598.6281539999254,615.0791400000344,NVIDIA H100 80GB HBM3,
1600,20,400,3,10,753.6681526999928,756.4247433000446,763.6048773299876,4.188902383954476,750.1626270000088,764.4026699999813,NVIDIA H100 80GB HBM3,
1600,25,400,3,10,809.6710131000464,834.7315795000213,843.5475668500521,24.13448703221068,777.4683110001206,844.5271210000556,NVIDIA H100 80GB HBM3,
1600,30,400,3,10,802.0742227000255,812.7648420999776,823.7999832099558,12.067033570640486,785.3054350000548,825.0261099999534,NVIDIA H100 80GB HBM3,
1600,35,400,3,10,871.1903564000295,895.1141697000367,914.3256338700894,23.72482429307475,834.0263579998464,916.4602410000952,NVIDIA H100 80GB HBM3,
1600,40,400,3,10,923.1852151000112,930.6764434000116,930.9024771399912,6.494464631537705,914.469919999874,930.9275919999892,NVIDIA H100 80GB HBM3,
1600,45,400,3,10,940.2040234000197,955.9147421998888,1026.6682438198836,35.18110147115284,910.6548480001492,1034.529743999883,NVIDIA H100 80GB HBM3,
1600,50,400,3,10,1036.0791215000063,1052.0783941001127,1052.7736341100283,11.789953576780343,1014.1170330000476,1052.8508830000192,NVIDIA H100 80GB HBM3,
1600,55,400,3,10,984.7850075999988,994.0433874999826,1000.250300050011,7.663938045962412,975.3086260000146,1000.939957000014,NVIDIA H100 80GB HBM3,
1600,60,400,3,10,1031.0145902999975,1053.5967468999672,1054.531194490009,18.1811925760524,1006.381136000016,1054.6350220000136,NVIDIA H100 80GB HBM3,
1600,65,400,3,10,1098.2172734000642,1104.6655963000376,1108.6731061300952,7.108505591947541,1086.2325300001885,1109.1183850001016,NVIDIA H100 80GB HBM3,
1600,70,400,3,10,1127.217146999999,1153.0105065999692,1155.1738999599763,20.73736512456813,1098.9677090000214,1155.4142769999771,NVIDIA H100 80GB HBM3,
1600,75,400,3,10,1147.2736448999967,1153.820117799978,1158.7446812799908,6.184694184300073,1137.7237510000668,1159.2918549999922,NVIDIA H100 80GB HBM3,
1600,80,400,3,10,1266.611696200016,1273.932680300004,1274.7172973300803,7.627671259818767,1254.2666979998105,1274.8044770000888,NVIDIA H100 80GB HBM3,
1600,85,400,3,10,1415.54565429999,1437.27610740018,1440.5834945400215,16.778098039986112,1393.8005410000187,1440.950982000004,NVIDIA H100 80GB HBM3,
1600,90,400,3,10,1483.23007460001,1503.427173099999,1506.628374909892,17.054813472147153,1458.6057480000818,1506.9840639998802,NVIDIA H100 80GB HBM3,
1600,95,400,3,10,1519.340906000025,1544.2665609000642,1555.878136889944,21.94126441220041,1489.3622650001817,1557.168311999931,NVIDIA H100 80GB HBM3,
1600,100,400,3,10,1629.3310364999795,1694.34319329996,1696.041571330004,46.92214302629131,1569.2577479999272,1696.2302800000089,NVIDIA H100 80GB HBM3,
1700,5,425,3,10,615.7895530000587,636.4341472000433,645.8433923201619,17.29366455275234,599.9426880000556,646.8888640001751,NVIDIA H100 80GB HBM3,
1700,10,425,3,10,577.1558499999855,593.8753845999145,597.3038116598946,12.706618085169776,560.7972849998077,597.6847479998924,NVIDIA H100 80GB HBM3,
1700,15,425,3,10,642.3124652999832,654.2400078000128,654.9027643799718,10.079453510184772,629.2922459999772,654.9764039999673,NVIDIA H100 80GB HBM3,
1700,20,425,3,10,620.8953766999457,623.6307692000537,624.0499296199323,2.830253885948643,614.657454999815,624.0965029999188,NVIDIA H100 80GB HBM3,
1700,25,425,3,10,684.1017636999368,704.7420589001376,719.3178703898866,19.79903887499071,664.0418639999552,720.9374049998587,NVIDIA H100 80GB HBM3,
1700,30,425,3,10,900.5709172999559,945.3545626999812,957.6633283699698,36.43131987194848,838.4461140001349,959.0309689999684,NVIDIA H100 80GB HBM3,
1700,35,425,3,10,913.4054763999984,936.03816429993,940.0973197298867,16.46896955585534,893.4390260001237,940.548336999882,NVIDIA H100 80GB HBM3,
1700,40,425,3,10,957.5084613999934,963.7045646999468,964.8210581698912,4.440423864022491,952.0955640000466,964.9451129998852,NVIDIA H100 80GB HBM3,
1700,45,425,3,10,992.9700406000164,1003.4982890999344,1007.9910602099472,10.06634149974539,975.7362450000072,1008.4902569999484,NVIDIA H100 80GB HBM3,
1700,50,425,3,10,1059.231149900006,1067.2078798000484,1069.73880418014,7.723857630455423,1047.405359000095,1070.0200180001502,NVIDIA H100 80GB HBM3,
1700,55,425,3,10,1027.0966609999732,1032.6117852999232,1036.4606809299448,5.610759712424918,1017.082733999814,1036.8883359999472,NVIDIA H100 80GB HBM3,
1700,60,425,3,10,1151.410974099963,1168.259110200006,1180.549023119911,16.907877165712144,1118.2945739999468,1181.9145689999004,NVIDIA H100 80GB HBM3,
1700,65,425,3,10,1145.9940927999696,1149.4790401999808,1151.7527847199904,4.499404815702995,1136.3971700000093,1152.0054229999914,NVIDIA H100 80GB HBM3,
1700,70,425,3,10,1167.2290273000272,1175.4868498001315,1179.2159261799975,6.547339424363113,1160.3620690000298,1179.6302679999826,NVIDIA H100 80GB HBM3,
1700,75,425,3,10,1341.1572357000068,1354.2047724000213,1374.2333135399872,16.686874463461994,1322.1970869999495,1376.4587069999834,NVIDIA H100 80GB HBM3,
1700,80,425,3,10,1237.2934690999955,1268.0572030000917,1288.668503500022,23.933605199804955,1215.954369999963,1290.9586480000144,NVIDIA H100 80GB HBM3,
1700,85,425,3,10,1428.3786770999995,1442.1280396000384,1445.7316615600394,13.985997076075831,1401.5014280000742,1446.1320640000397,NVIDIA H100 80GB HBM3,
1700,90,425,3,10,1616.1059442000123,1631.5676800999654,1648.411460810023,15.207246883239463,1598.482605000072,1650.2829920000297,NVIDIA H100 80GB HBM3,
1700,95,425,3,10,1678.98788949999,1687.9354048000323,1698.18673078011,10.573019215400524,1663.95392000004,1699.3257670001185,NVIDIA H100 80GB HBM3,
1700,100,425,3,10,1513.4094719999894,1521.9993503000069,1528.267278529927,8.515577176604621,1502.6497040000777,1528.963714999918,NVIDIA H100 80GB HBM3,
1800,5,450,3,10,652.913156700015,663.8715306999416,667.2640107700352,12.542647985045226,631.626204999975,667.6409530000456,NVIDIA H100 80GB HBM3,
1800,10,450,3,10,676.1494477000042,683.2388967999805,688.2119468799647,6.411117046602828,668.8670199999933,688.7645079999629,NVIDIA H100 80GB HBM3,
1800,15,450,3,10,787.254389099985,798.3574358998794,801.6712179900514,12.413674387891264,768.552937999857,802.0394160000706,NVIDIA H100 80GB HBM3,
1800,20,450,3,10,802.9196699999886,818.4352964999846,820.5526567499959,12.979580901671609,780.9272269999497,820.7879189999971,NVIDIA H100 80GB HBM3,
1800,25,450,3,10,766.5682559999823,779.8292813999637,791.2308608399792,13.176697362021258,747.5938659999883,792.4977029999809,NVIDIA H100 80GB HBM3,
1800,30,450,3,10,776.8733899999916,783.4615647000192,792.0877301700102,9.131978080743488,761.3015040001301,793.0461930000092,NVIDIA H100 80GB HBM3,
1800,35,450,3,10,902.4694414999884,915.2084009001328,920.8066421900844,11.096813905569167,889.8797330000434,921.428669000079,NVIDIA H100 80GB HBM3,
1800,40,450,3,10,864.2310963,869.0943957999934,881.4657671800023,8.096636933972292,851.8635269999777,882.8403640000033,NVIDIA H100 80GB HBM3,
1800,45,450,3,10,1006.9767053000078,1017.8789202999952,1021.1873353300166,13.340256164758763,973.4819709999556,1021.554937000019,NVIDIA H100 80GB HBM3,
1800,50,450,3,10,936.4676838000378,941.6897583000036,998.197061730109,24.02343019563083,925.8995140000934,1004.4756510001208,NVIDIA H100 80GB HBM3,
1800,55,450,3,10,1186.4761898000097,1202.1021205998975,1205.04705866015,12.204102798428938,1171.4662649999354,1205.374274000178,NVIDIA H100 80GB HBM3,
1800,60,450,3,10,1055.1266115000544,1059.799540700078,1066.3173571700236,5.594420615156416,1047.447836000174,1067.0415590000175,NVIDIA H100 80GB HBM3,
1800,65,450,3,10,1290.36023689996,1323.8861408000048,1331.607528979871,23.185594801693437,1261.7679659999794,1332.465460999856,NVIDIA H100 80GB HBM3,
1800,70,450,3,10,1183.4981474000188,1218.0389979999518,1221.1936321000237,21.749337127674952,1158.1958080000732,1221.5441470000314,NVIDIA H100 80GB HBM3,
1800,75,450,3,10,1328.470095100056,1343.283748300155,1353.7500928299369,12.593327349317924,1312.329564000038,1354.9130199999126,NVIDIA H100 80GB HBM3,
1800,80,450,3,10,1450.7438095999532,1458.494070899883,1458.6525222899832,5.381376257780032,1443.5538759998965,1458.6701279999943,NVIDIA H100 80GB HBM3,
1800,85,450,3,10,1337.3214358999348,1353.200265299938,1364.5643814298955,12.696921626249608,1325.792877999902,1365.8270609998908,NVIDIA H100 80GB HBM3,
1800,90,450,3,10,1747.7066262999415,1853.929537199815,1938.26046132004,98.32905803202918,1639.118511999868,1947.6305640000649,NVIDIA H100 80GB HBM3,
1800,95,450,3,10,1480.7355671999858,1492.8226116000587,1496.734065960045,10.594002280734845,1460.4609440000331,1497.1686720000434,NVIDIA H100 80GB HBM3,
1800,100,450,3,10,1532.8806989999975,1595.9966664999683,1619.378276349944,47.37888820101129,1492.7801890000865,1621.9762329999412,NVIDIA H100 80GB HBM3,
1900,5,475,3,10,648.9935204999938,657.6943433999304,661.6470089400286,6.828231803918664,639.8749410000164,662.0861940000395,NVIDIA H100 80GB HBM3,
1900,10,475,3,10,737.6080336999848,749.9754688000849,752.2271456801218,8.967980895948646,721.4935219999461,752.4773320001259,NVIDIA H100 80GB HBM3,
1900,15,475,3,10,837.1563376999802,856.0977676000903,858.9297754600807,20.889513936852435,786.7413540000143,859.2444430000796,NVIDIA H100 80GB HBM3,
1900,20,475,3,10,817.037989500011,830.3161663000253,838.9647169299923,14.934425753458086,785.2702349999845,839.9256669999886,NVIDIA H100 80GB HBM3,
1900,25,475,3,10,786.9442799000012,810.5532189000542,812.2325343900229,16.77858160676572,765.7413849999557,812.4191250000194,NVIDIA H100 80GB HBM3,
1900,30,475,3,10,933.21162379998,956.326897400004,958.781030539808,18.347825624487403,902.4633279998396,959.0537119997862,NVIDIA H100 80GB HBM3,
1900,35,475,3,10,989.270715000066,999.3343054001116,1000.1178783399952,10.80207283572464,967.5194380001813,1000.204941999982,NVIDIA H100 80GB HBM3,
1900,40,475,3,10,982.6692158000014,996.2305157000628,1005.0637657698644,12.867348779388951,964.5484810000652,1006.0452379998424,NVIDIA H100 80GB HBM3,
1900,45,475,3,10,949.0592517000096,958.2124038000755,968.966828880059,10.81245686031339,930.38844900002,970.1617650000572,NVIDIA H100 80GB HBM3,
1900,50,475,3,10,1259.7857024000405,1269.729005300087,1275.135944030003,9.406593423048513,1246.8403870000202,1275.7367149999936,NVIDIA H100 80GB HBM3,
1900,55,475,3,10,1205.0796762000118,1211.8116878999672,1222.486385489958,9.737951720555472,1189.4940500001212,1223.6724629999571,NVIDIA H100 80GB HBM3,
1900,60,475,3,10,1255.4045447999897,1277.2311723000485,1288.879355429924,21.16721030378584,1220.4960030001075,1290.1735979999105,NVIDIA H100 80GB HBM3,
1900,65,475,3,10,1398.2083716000034,1404.294236299961,1404.3670415300426,5.51122569580044,1386.4585650001118,1404.3751310000516,NVIDIA H100 80GB HBM3,
1900,70,475,3,10,1187.5270489000286,1192.6915500000632,1196.015595599988,5.859992158079111,1177.1704880000016,1196.3849339999797,NVIDIA H100 80GB HBM3,
1900,75,475,3,10,1384.8722426999984,1392.480486799991,1393.0340634799927,6.47847373961566,1375.2516689999084,1393.095571999993,NVIDIA H100 80GB HBM3,
1900,80,475,3,10,1512.861409199968,1536.2791152998852,1563.7477729300736,23.45304817171612,1487.2346909999123,1566.7998460000945,NVIDIA H100 80GB HBM3,
1900,85,475,3,10,1553.8699242999885,1563.206719399932,1572.9505204399447,10.097467777038382,1537.0616279999467,1574.0331649999462,NVIDIA H100 80GB HBM3,
1900,90,475,3,10,1579.5952016999763,1588.7309632999404,1610.4055289299868,13.640346218192766,1567.353712999875,1612.813813999992,NVIDIA H100 80GB HBM3,
1900,95,475,3,10,1685.7252002999987,1691.1655294001775,1692.473885139948,3.909103089324708,1680.5379509999057,1692.6192579999224,NVIDIA H100 80GB HBM3,
1900,100,475,3,10,1713.99946629997,1749.6063511000784,1753.3954428099173,35.66625794268185,1662.417043000005,1753.8164529998994,NVIDIA H100 80GB HBM3,
2000,5,500,3,10,653.4995812000261,659.4156130001238,661.8233947000294,4.468488730957074,648.5148570000092,662.090926000019,NVIDIA H100 80GB HBM3,
2000,10,500,3,10,774.5346331000292,794.2053303999273,795.8445144399684,16.931689036925857,749.9416790001305,796.026645999973,NVIDIA H100 80GB HBM3,
2000,15,500,3,10,742.3808726999937,751.780853699961,760.381398869979,9.19205774225488,726.9806100000551,761.337014999981,NVIDIA H100 80GB HBM3,
2000,20,500,3,10,688.1919369000343,693.1006587000866,702.5817062700253,6.032494765395943,682.3600210000222,703.6351560000185,NVIDIA H100 80GB HBM3,
2000,25,500,3,10,894.2250724999894,910.6027478000216,920.9630754800992,14.179566113256826,875.0365700000202,922.1142230001078,NVIDIA H100 80GB HBM3,
2000,30,500,3,10,871.423369900026,877.7433722999604,879.149826330115,5.580751006050828,862.6640130000851,879.3060990001322,NVIDIA H100 80GB HBM3,
2000,35,500,3,10,893.638839399955,899.1775124000242,905.1061648398696,6.452039311346092,884.2737509999097,905.7649039998524,NVIDIA H100 80GB HBM3,
2000,40,500,3,10,919.7649941000236,923.9652089999254,925.1185436999684,4.092794317260111,913.6229390001064,925.2466919999732,NVIDIA H100 80GB HBM3,
2000,45,500,3,10,1139.507811300018,1148.9538748999848,1150.101911389886,6.45525985519376,1130.2907930000856,1150.229470999875,NVIDIA H100 80GB HBM3,
2000,50,500,3,10,1051.8171036000012,1079.6906927000236,1082.0658208699297,21.88441708989508,1027.6162000000113,1082.3297239999192,NVIDIA H100 80GB HBM3,
2000,55,500,3,10,1342.6351259000055,1356.7105359999914,1362.1995981999771,11.535195602230404,1327.3086930000773,1362.8094939999755,NVIDIA H100 80GB HBM3,
2000,60,500,3,10,1077.9496552000182,1082.2223026000984,1084.1913607600031,4.43255770924672,1069.284510999978,1084.4101449999926,NVIDIA H100 80GB HBM3,
2000,65,500,3,10,1307.4608207999745,1327.4833308998495,1336.3303525898757,17.00016814692429,1280.6262849999257,1337.3133549998784,NVIDIA H100 80GB HBM3,
2000,70,500,3,10,1433.1054396000354,1435.910555400119,1443.5244371400108,5.4744560099204485,1424.0998569998735,1444.3704239999988,NVIDIA H100 80GB HBM3,
2000,75,500,3,10,1487.8773086000365,1496.0462197000652,1497.2706213699712,6.069874084011144,1479.1806590001215,1497.4066659999608,NVIDIA H100 80GB HBM3,
2000,80,500,3,10,1391.2907088999873,1407.9649437000398,1408.7308853699983,12.875703518224176,1368.0929689999175,1408.8159899999937,NVIDIA H100 80GB HBM3,
2000,85,500,3,10,1706.5642406000509,1718.926258700003,1721.6198626700498,11.284519706614155,1689.052692000132,1721.919152000055,NVIDIA H100 80GB HBM3,
2000,90,500,3,10,1745.2439046000109,1756.2252499999886,1773.4048478000475,11.954740260903185,1733.5439670000596,1775.3136920000543,NVIDIA H100 80GB HBM3,
2000,95,500,3,10,1549.7725547000755,1553.7363806000485,1559.941333760171,5.693225833095862,1539.2443690000164,1560.6307730001845,NVIDIA H100 80GB HBM3,
2000,100,500,3,10,1812.7855185999356,1821.7213775999423,1825.2704541599544,7.773890094682322,1799.528940000073,1825.6647959999557,NVIDIA H100 80GB HBM3,
2100,5,525,3,10,712.4973001999933,746.6271188000064,805.7709762799504,45.912439388659706,659.5859080000537,812.3425159999442,NVIDIA H100 80GB HBM3,
2100,10,525,3,10,770.6222708000041,792.8995577000023,799.2153196699837,15.940334518581365,755.4758830001447,799.9170709999817,NVIDIA H100 80GB HBM3,
2100,15,525,3,10,863.3456282000225,870.2157196999906,875.4996226700632,6.0719400673223225,856.8163429999913,876.0867230000713,NVIDIA H100 80GB HBM3,
2100,20,525,3,10,911.620310900048,916.0590547000312,918.6036186699016,4.185824213072974,907.0769089998976,918.8863479998872,NVIDIA H100 80GB HBM3,
2100,25,525,3,10,846.1364127000024,866.1808683000345,883.7414196299505,22.092765329334732,804.5659160000014,885.6925919999412,NVIDIA H100 80GB HBM3,
2100,30,525,3,10,909.3177620000232,922.3282476000122,924.6827118600186,10.392257993476296,893.4108869999591,924.9443190000192,NVIDIA H100 80GB HBM3,
2100,35,525,3,10,967.4220217000538,984.5741742999962,985.9441864300652,12.947564137948774,947.2536790001412,986.0964100000728,NVIDIA H100 80GB HBM3,
2100,40,525,3,10,916.2323884999524,922.0330599999444,927.424687299897,5.9353145176277415,909.6288490000006,928.0237569998916,NVIDIA H100 80GB HBM3,
2100,45,525,3,10,1106.8700120999893,1112.955191200058,1127.158154019878,10.670752955499664,1090.414138000142,1128.736260999858,NVIDIA H100 80GB HBM3,
2100,50,525,3,10,1225.8737896999946,1233.213914699968,1237.7511920698705,6.758876267067405,1214.460211999949,1238.2553339998594,NVIDIA H100 80GB HBM3,
2100,55,525,3,10,1145.2893369999856,1153.4836813998709,1157.2728403401038,7.694497945896365,1133.462608999935,1157.6938580001297,NVIDIA H100 80GB HBM3,
2100,60,525,3,10,1326.286599800011,1368.6724344000083,1420.911532739994,46.64266472855374,1278.3130280000137,1426.7158769999924,NVIDIA H100 80GB HBM3,
2100,65,525,3,10,1368.5585937999576,1422.8748983000287,1443.7314449298106,44.64620755789858,1327.7163959999143,1446.0488389997863,NVIDIA H100 80GB HBM3,
2100,70,525,3,10,1286.5613915999802,1296.8347040999106,1298.3497127100054,10.262628935428644,1267.6159569998615,1298.518047000016,NVIDIA H100 80GB HBM3,
2100,75,525,3,10,1480.6109403999926,1487.6129879000928,1488.7500083899113,6.407066652709145,1467.915572000038,1488.876343999891,NVIDIA H100 80GB HBM3,
2100,80,525,3,10,1352.2801480000226,1358.1337840999597,1358.7914725099222,4.271273370245013,1346.3947669999925,1358.864548999918,NVIDIA H100 80GB HBM3,
2100,85,525,3,10,1605.1670684999408,1647.3707085998967,1661.0282125598746,48.3161856504092,1525.8697729998405,1662.5457129998722,NVIDIA H100 80GB HBM3,
2100,90,525,3,10,1723.538140000005,1737.8767924001068,1758.2666340400217,17.18291980974902,1696.4102409999668,1760.532172000012,NVIDIA H100 80GB HBM3,
2100,95,525,3,10,1892.137822399991,1924.6101981999343,1926.1083839200276,19.034548612574763,1873.6811459998532,1926.2748490000376,NVIDIA H100 80GB HBM3,
2100,100,525,3,10,1842.9808893999727,1888.405429600016,1890.061163559999,33.07676800342175,1791.4176169999791,1890.245133999997,NVIDIA H100 80GB HBM3,
2200,5,550,3,10,804.6086640999874,810.7009237000966,817.4041086700299,6.158774223032359,796.3936740000008,818.1489070000225,NVIDIA H100 80GB HBM3,
2200,10,550,3,10,861.6921227000375,867.2837434001167,874.6311999400882,6.197788653934082,855.4698909999843,875.447584000085,NVIDIA H100 80GB HBM3,
2200,15,550,3,10,870.3781495000158,900.8160718999534,901.593622489986,19.87029671082221,845.6317029999809,901.6800169999896,NVIDIA H100 80GB HBM3,
2200,20,550,3,10,875.691780399984,901.89559309988,905.0899099100208,18.20890749878448,849.7031850001804,905.4448340000364,NVIDIA H100 80GB HBM3,
2200,25,550,3,10,901.760691499976,907.5194917999852,912.4053939799932,6.5936664776008085,889.2957309999474,912.9482719999942,NVIDIA H100 80GB HBM3,
2200,30,550,3,10,1007.2402314999864,1058.8439794001033,1083.4796709401212,36.56008339406568,976.0540209999816,1086.2169700001232,NVIDIA H100 80GB HBM3,
2200,35,550,3,10,1037.1696161000043,1059.6316258999875,1067.504112289996,19.88589014253544,1015.253120999887,1068.378832999997,NVIDIA H100 80GB HBM3,
2200,40,550,3,10,1087.4684419999994,1104.0886914999192,1115.2002107499493,13.006917361928338,1074.173139000095,1116.4348239999526,NVIDIA H100 80GB HBM3,
2200,45,550,3,10,1225.092493200009,1235.434611000028,1241.355216900065,10.462335198138536,1207.2311900001296,1242.013062000069,NVIDIA H100 80GB HBM3,
2200,50,550,3,10,1080.259323599989,1085.119495999902,1090.6553113999576,4.795840187520598,1075.9379460000673,1091.2704019999635,NVIDIA H100 80GB HBM3,
2200,55,550,3,10,1336.4040911000077,1344.468710199999,1344.8995508201187,7.126024895933631,1323.1326580000768,1344.947422000132,NVIDIA H100 80GB HBM3,
2200,60,550,3,10,1412.0286996000232,1417.1601048000412,1420.7132005799076,4.030144076043367,1407.9939170001126,1421.1079889998928,NVIDIA H100 80GB HBM3,
2200,65,550,3,10,1326.8863893000002,1347.524696100004,1348.7573954100094,18.890431231059143,1290.4687269999613,1348.89436200001,NVIDIA H100 80GB HBM3,
2200,70,550,3,10,1346.227412899998,1352.9607984999302,1356.5009804498936,7.341122948811902,1331.7106610002156,1356.8943339998896,NVIDIA H100 80GB HBM3,
2200,75,550,3,10,1620.1136000999895,1665.2350375999504,1686.8810612597963,32.521344484618915,1584.5820629999707,1689.2861749997792,NVIDIA H100 80GB HBM3,
2200,80,550,3,10,1477.4528354000267,1496.768440500091,1503.7254697500202,13.365371977242347,1465.1243540001817,1504.4984730000124,NVIDIA H100 80GB HBM3,
2200,85,550,3,10,1853.1252958000096,1913.0867756000496,1914.095854159973,37.56011867856495,1814.0276720000656,1914.2079739999645,NVIDIA H100 80GB HBM3,
2200,90,550,3,10,1909.742720200006,1925.5378413001156,2000.382499829964,35.86676374088788,1888.290072000018,2008.698572999947,NVIDIA H100 80GB HBM3,
2200,95,550,3,10,1752.606038100021,1767.506598800128,1768.7698731800128,13.342721618854934,1725.8200900000702,1768.910237,NVIDIA H100 80GB HBM3,
2200,100,550,3,10,1796.6432179000094,1810.724401600055,1817.1391528600225,10.853652452270932,1784.4486419999157,1817.8519030000189,NVIDIA H100 80GB HBM3,
2300,5,575,3,10,727.1742725000422,806.7802489999622,838.9321622000102,64.57261081392502,667.0956660000229,842.5045970000156,NVIDIA H100 80GB HBM3,
2300,10,575,3,10,711.0911504000114,739.1289344001052,740.9164780399669,19.65194609101236,684.9234369999522,741.1150939999516,NVIDIA H100 80GB HBM3,
2300,15,575,3,10,932.5951561000012,949.2184411999232,970.6976988199336,16.357800254808996,917.0246809999298,973.0842829999348,NVIDIA H100 80GB HBM3,
2300,20,575,3,10,798.2820857000206,801.926837499991,805.7953610500022,3.9920387696432207,791.3129710000248,806.2251970000034,NVIDIA H100 80GB HBM3,
2300,25,575,3,10,876.6977701999849,883.1693481001139,884.2880885100544,6.080370973181706,864.2891069998768,884.4123930000478,NVIDIA H100 80GB HBM3,
2300,30,575,3,10,949.3984481999976,963.131345599993,964.2679748599892,10.938385867032196,935.2659959999984,964.3942669999888,NVIDIA H100 80GB HBM3,
2300,35,575,3,10,1086.9594867999697,1109.874875000014,1156.749396800133,32.52785489412065,1049.0209719998802,1161.9576770001458,NVIDIA H100 80GB HBM3,
2300,40,575,3,10,1164.169933599965,1172.1887638000226,1174.2590249798925,7.337361818551363,1153.141018000042,1174.4890539998778,NVIDIA H100 80GB HBM3,
2300,45,575,3,10,1019.5377645999996,1024.6877187999644,1026.7275401799975,3.7692296710839854,1014.1992589999518,1026.9541870000012,NVIDIA H100 80GB HBM3,
2300,50,575,3,10,1182.2615103999965,1189.008211900034,1197.7376215900438,6.926586621723974,1176.3835510000715,1198.7075560000449,NVIDIA H100 80GB HBM3,
2300,55,575,3,10,1181.9817872000158,1186.3232328001686,1191.8670088802037,4.4512267463571575,1176.1381239998627,1192.4829840002076,NVIDIA H100 80GB HBM3,
2300,60,575,3,10,1424.2691999000044,1430.7781890000117,1433.5061313001052,6.830100720728147,1409.9463760001072,1433.8092360001156,NVIDIA H100 80GB HBM3,
2300,65,575,3,10,1515.7304982999904,1526.566008799955,1528.48937647997,10.717218172439017,1489.793322999958,1528.7030839999716,NVIDIA H100 80GB HBM3,
2300,70,575,3,10,1402.0690775999583,1406.9461167998495,1409.9167091798995,5.538320611023666,1392.791041999999,1410.246774999905,NVIDIA H100 80GB HBM3,
2300,75,575,3,10,1654.5110842999973,1662.513634199945,1668.9922993200958,7.37362995936922,1646.0841539999365,1669.7121510001125,NVIDIA H100 80GB HBM3,
2300,80,575,3,10,1646.9887871999847,1659.2119351999827,1662.6569721200076,9.786883329690102,1628.9831100000356,1663.0397540000104,NVIDIA H100 80GB HBM3,
2300,85,575,3,10,1807.8501712999928,1838.4132640999724,1990.8030847100508,72.398261707602,1762.1193190000213,2007.7352870000595,NVIDIA H100 80GB HBM3,
2300,90,575,3,10,1735.2110210000203,1762.0324887000493,1762.7628065700185,21.11617310102112,1695.6464849999977,1762.843953000015,NVIDIA H100 80GB HBM3,
2300,95,575,3,10,1806.7559620000336,1888.482516299928,1896.563410829931,45.58502125081103,1772.9857990000255,1897.4612879999315,NVIDIA H100 80GB HBM3,
2300,100,575,3,10,1782.5768045000018,1788.7451755000257,1798.5019616499244,8.156384646217894,1770.5661689999488,1799.5860489999131,NVIDIA H100 80GB HBM3,
2400,5,600,3,10,795.1070924000078,812.0024386999148,823.5090937699192,15.321285779854854,772.6332140000522,824.7876109999197,NVIDIA H100 80GB HBM3,
2400,10,600,3,10,875.9502990000101,911.4950245999808,954.1796399599344,39.35218801125254,832.206787000132,958.9223749999292,NVIDIA H100 80GB HBM3,
2400,15,600,3,10,925.9811348000084,931.761831200015,932.589158719818,5.596830904749576,913.9465100001872,932.681083999796,NVIDIA H100 80GB HBM3,
2400,20,600,3,10,850.2066546000151,867.1291745999838,867.5269623599991,11.431594958681506,834.654171000011,867.5711610000008,NVIDIA H100 80GB HBM3,
2400,25,600,3,10,1035.7108257999698,1088.686001099995,1094.6362214099418,33.94058719418689,993.8582149998184,1095.2973569999358,NVIDIA H100 80GB HBM3,
2400,30,600,3,10,1153.7116521000144,1233.428063600104,1331.4325118599572,85.41308153091269,1050.1603280001746,1342.321894999941,NVIDIA H100 80GB HBM3,
2400,35,600,3,10,1162.9504713000415,1171.5606653000575,1173.2165345300837,6.687682973599725,1151.7220610001004,1173.4005200000863,NVIDIA H100 80GB HBM3,
2400,40,600,3,10,1221.3487593999844,1233.6482476001038,1236.5941090599836,17.191599618936635,1179.3853479998688,1236.9214269999702,NVIDIA H100 80GB HBM3,
2400,45,600,3,10,1185.3725051999843,1206.2417066999617,1206.767353769917,13.985651804788038,1165.6369249999443,1206.825758999912,NVIDIA H100 80GB HBM3,
2400,50,600,3,10,1206.5862217999893,1218.6173635000273,1231.0157783499687,12.555990605651814,1194.250594999971,1232.3933799999622,NVIDIA H100 80GB HBM3,
2400,55,600,3,10,1270.626896299973,1275.8341388000645,1278.3441327799435,5.202417765856072,1263.0094249998365,1278.6230209999303,NVIDIA H100 80GB HBM3,
2400,60,600,3,10,1555.3517617000125,1579.820308500075,1618.4414770499643,33.28715365802032,1511.158837000039,1622.732717999952,NVIDIA H100 80GB HBM3,
2400,65,600,3,10,1609.143305799989,1621.8657275998794,1626.4102050600695,9.520491600732916,1593.338765999988,1626.9151470000909,NVIDIA H100 80GB HBM3,
2400,70,600,3,10,1403.2142382000077,1426.8116343999964,1432.4470587401152,20.323653891515125,1374.0235960001428,1433.0732170001284,NVIDIA H100 80GB HBM3,
2400,75,600,3,10,1546.5442293999786,1561.6852659998358,1571.565265299912,14.304211668878343,1526.8292850000762,1572.6630429999204,NVIDIA H100 80GB HBM3,
2400,80,600,3,10,1806.3477525000508,1813.436209599945,1813.992773560033,5.174192603301443,1798.867785000084,1814.0546140000424,NVIDIA H100 80GB HBM3,
2400,85,600,3,10,1645.6021337999805,1651.4717147001193,1651.6431406698484,3.726012850730144,1642.0569279998745,1651.6621879998183,NVIDIA H100 80GB HBM3,
2400,90,600,3,10,1684.479775899979,1696.010394199925,1698.338797520014,8.282237660519542,1672.7243119999002,1698.5975090000238,NVIDIA H100 80GB HBM3,
2400,95,600,3,10,1899.1285139000072,1922.3789065000344,2023.96286544998,52.55360273301204,1845.3569160000145,2035.2499719999744,NVIDIA H100 80GB HBM3,
2400,100,600,3,10,2168.377033799993,2175.744491299952,2175.997537730097,4.60647662830328,2164.501644999973,2176.0256540001137,NVIDIA H100 80GB HBM3,
2500,5,625,3,10,715.6222026000137,751.5261027000065,755.1184664699997,22.17318548596436,691.9007760000113,755.517617999999,NVIDIA H100 80GB HBM3,
2500,10,625,3,10,833.4871733999989,851.7771955000171,888.900090850002,24.01565973838546,803.068895000024,893.0248570000003,NVIDIA H100 80GB HBM3,
2500,15,625,3,10,916.852182200023,964.1029270000444,964.7818852001296,35.356906585763326,866.5364230000705,964.8573250001392,NVIDIA H100 80GB HBM3,
2500,20,625,3,10,955.4932053999664,1008.2315739998648,1023.4068025001308,37.74949094127277,915.8130910000182,1025.0929390001602,NVIDIA H100 80GB HBM3,
2500,25,625,3,10,971.3269440999512,986.4896514999144,987.8052656499084,11.862581303167364,948.7435589999222,987.9514449999078,NVIDIA H100 80GB HBM3,
2500,30,625,3,10,1048.8409329999968,1053.6339765999628,1056.6017485600037,5.153316832703554,1039.233994999904,1056.9315010000082,NVIDIA H100 80GB HBM3,
2500,35,625,3,10,1051.7313851999916,1090.7381290999638,1121.720354509971,33.50019667437318,1011.9108569999752,1125.1628239999718,NVIDIA H100 80GB HBM3,
2500,40,625,3,10,1156.3439562000212,1178.3649587999437,1179.4216021800094,16.537820948391502,1133.8389730000245,1179.539007000017,NVIDIA H100 80GB HBM3,
2500,45,625,3,10,1300.5424813000443,1325.1685123001607,1332.2192731300584,17.66837220899196,1275.6008300000303,1333.002691000047,NVIDIA H100 80GB HBM3,
2500,50,625,3,10,1454.7508707000134,1464.4270042999551,1464.9230831298814,9.49520658742123,1438.5875489999762,1464.9782029998732,NVIDIA H100 80GB HBM3,
2500,55,625,3,10,1384.8562950999622,1417.1437071000355,1423.238431409875,23.414795515736262,1356.8655929998386,1423.915622999857,NVIDIA H100 80GB HBM3,
2500,60,625,3,10,1588.1256805000476,1659.3584319001593,1681.5940488899855,49.456897192989,1517.9985010001928,1684.0646729999662,NVIDIA H100 80GB HBM3,
2500,65,625,3,10,1696.9206509999822,1709.4007051999824,1710.2644827199697,10.471493444862984,1680.476310000131,1710.3604579999685,NVIDIA H100 80GB HBM3,
2500,70,625,3,10,1789.4493088000218,1871.8964793000623,1875.4025343299527,66.7594474652288,1716.6607639999256,1875.792095999941,NVIDIA H100 80GB HBM3,
2500,75,625,3,10,1576.3475448999998,1583.5713754001745,1587.4899318400116,6.818695027156987,1564.1285639999296,1587.9253269999936,NVIDIA H100 80GB HBM3,
2500,80,625,3,10,1676.859154899989,1695.167651399947,1732.7059625399988,27.11477850530114,1637.2026779999942,1736.8768860000046,NVIDIA H100 80GB HBM3,
2500,85,625,3,10,1986.6373458000453,1990.4893932001412,2069.355814320156,32.35904902353187,1970.747545000222,2078.118750000158,NVIDIA H100 80GB HBM3,
2500,90,625,3,10,1977.1400650000264,2001.435676299866,2005.1350540299768,17.986063987459747,1949.493948000054,2005.546095999989,NVIDIA H100 80GB HBM3,
2500,95,625,3,10,2149.7444003000737,2163.807619399995,2164.8375862400235,12.98459170193543,2131.7181280001023,2164.952027000026,NVIDIA H100 80GB HBM3,
2500,100,625,3,10,2173.884844000009,2232.650340599912,2265.1813548600694,47.52952720200834,2122.683149000068,2268.795912000087,NVIDIA H100 80GB HBM3,
2600,5,650,3,10,821.0275240000556,827.9865880000898,830.879373400096,5.879557602258066,810.7852820000971,831.2007940000967,NVIDIA H100 80GB HBM3,
2600,10,650,3,10,856.3702833999514,865.8438460999832,873.6620722099337,13.689014900130234,824.1906899997957,874.5307639999282,NVIDIA H100 80GB HBM3,
2600,15,650,3,10,912.2004168000104,926.6789455998831,932.6795681599856,13.043371440442373,890.4889249999997,933.346303999997,NVIDIA H100 80GB HBM3,
2600,20,650,3,10,869.809982900017,876.9641698000214,884.8294463800289,8.870177252770008,855.9625710000773,885.7033660000297,NVIDIA H100 80GB HBM3,
2600,25,650,3,10,1050.7934344999967,1056.196174699994,1067.7097228700336,8.240861785024652,1039.7586929998397,1068.989006000038,NVIDIA H100 80GB HBM3,
2600,30,650,3,10,1054.0234125000095,1060.791055000027,1065.422667399962,6.000390983490365,1044.74416700009,1065.9372909999547,NVIDIA H100 80GB HBM3,
2600,35,650,3,10,1056.1866491999808,1059.1895428998896,1059.2355905900536,2.3820111856517965,1052.236222999909,1059.2407070000718,NVIDIA H100 80GB HBM3,
2600,40,650,3,10,1130.8779000000186,1139.7806656000057,1142.1778816600386,6.602070227887871,1119.6733790000053,1142.4442390000422,NVIDIA H100 80GB HBM3,
2600,45,650,3,10,1334.247745800053,1338.680682099971,1339.6523103101597,4.395507746207223,1325.429066000197,1339.7602690001804,NVIDIA H100 80GB HBM3,
2600,50,650,3,10,1354.9865514000203,1366.1925338999254,1376.4615267899194,11.06197671937597,1336.2080570000217,1377.6025259999187,NVIDIA H100 80GB HBM3,
2600,55,650,3,10,1388.526887199987,1423.81876000004,1453.844220700139,31.13327856911247,1343.9133540000512,1457.18038300015,NVIDIA H100 80GB HBM3,
2600,60,650,3,10,1599.7827260000122,1603.1691542999852,1605.2262813298876,3.339347921178352,1593.4835660000315,1605.4548509998767,NVIDIA H100 80GB HBM3,
2600,65,650,3,10,1588.4561265999537,1627.6787378001245,1632.4185726800124,33.43514619073122,1537.1701159999702,1632.945221,NVIDIA H100 80GB HBM3,
2600,70,650,3,10,1763.8513699999523,1775.1875684999732,1777.747690949957,7.64784062171785,1752.0451670000057,1778.032148999955,NVIDIA H100 80GB HBM3,
2600,75,650,3,10,1806.516140600001,1822.2136339999224,1960.8249164000083,60.27676050310839,1775.5482750001192,1976.226170000018,NVIDIA H100 80GB HBM3,
2600,80,650,3,10,1818.077983900025,1829.1515826000025,1831.1592939599973,9.439201943364814,1799.7903999998923,1831.3823729999967,NVIDIA H100 80GB HBM3,
2600,85,650,3,10,1873.98727890004,1892.9935411999168,1899.033324019904,14.150106046639335,1854.5205640000404,1899.7044109999024,NVIDIA H100 80GB HBM3,
2600,90,650,3,10,1869.904984799996,1882.715680600029,1883.6977213599596,12.455778536718938,1848.364284000013,1883.806836999952,NVIDIA H100 80GB HBM3,
2600,95,650,3,10,2142.096298799993,2176.645165699938,2205.1817791699023,35.620863828922566,2089.425198000072,2208.3525139998983,NVIDIA H100 80GB HBM3,
2600,100,650,3,10,2077.358636199994,2115.857900399999,2118.3581792399436,32.759409236018946,2018.8418379999575,2118.6359879999372,NVIDIA H100 80GB HBM3,
2700,5,675,3,10,851.8392527999367,866.3395013998752,898.172739540048,20.1385612015822,832.3002459999316,901.7097660000672,NVIDIA H100 80GB HBM3,
2700,10,675,3,10,895.090458799973,902.7719924000166,912.2896009398868,10.93807087585036,871.1160559998916,913.3471129998724,NVIDIA H100 80GB HBM3,
2700,15,675,3,10,896.909709099964,899.646292599914,899.7147100599864,2.226392079082608,893.4974659998716,899.7223119999944,NVIDIA H100 80GB HBM3,
2700,20,675,3,10,970.4214025999818,994.1059127000016,1000.7270851699808,21.51133649216975,944.49206399986,1001.4627709999786,NVIDIA H100 80GB HBM3,
2700,25,675,3,10,1007.0003626000016,1035.6231327000216,1055.2340078700054,29.368943876364444,967.091143999994,1057.4129940000034,NVIDIA H100 80GB HBM3,
2700,30,675,3,10,1223.1771715999912,1232.6396004998287,1240.661714949872,8.200052941976246,1212.866479000013,1241.5530609998768,NVIDIA H100 80GB HBM3,
2700,35,675,3,10,1187.24090959995,1203.6643218999416,1204.1807041900802,17.325826173890565,1153.3082500000091,1204.2380800000956,NVIDIA H100 80GB HBM3,
2700,40,675,3,10,1184.190432600053,1276.4242756999463,1292.5498666700514,69.12796990768378,1098.702737000167,1294.341599000063,NVIDIA H100 80GB HBM3,
2700,45,675,3,10,1408.1718432000116,1417.2267454999885,1420.1463297498435,11.388926607161435,1380.5954639999527,1420.4707279998274,NVIDIA H100 80GB HBM3,
2700,50,675,3,10,1326.1724693999668,1341.520539200019,1343.9488074200426,11.947958142769114,1312.2297919999255,1344.2186150000452,NVIDIA H100 80GB HBM3,
2700,55,675,3,10,1428.91266339999,1447.0449731000372,1450.706246809959,15.419560172983823,1401.454231999992,1451.1130549999507,NVIDIA H100 80GB HBM3,
2700,60,675,3,10,1445.779278399982,1450.0080193000258,1454.0821111300445,4.437113969066392,1438.39060099981,1454.5347880000463,NVIDIA H100 80GB HBM3,
2700,65,675,3,10,1458.527109900001,1462.2184485999014,1464.8350531600204,3.437263959839674,1453.1717810000373,1465.1257870000336,NVIDIA H100 80GB HBM3,
2700,70,675,3,10,1719.6784072000355,1742.492913800129,1754.4548463800334,20.059886919317083,1692.8866169998855,1755.7839500000227,NVIDIA H100 80GB HBM3,
2700,75,675,3,10,1668.533095200007,1675.9220237999898,1678.9201318800428,6.344663245977676,1660.569874999965,1679.2532550000487,NVIDIA H100 80GB HBM3,
2700,80,675,3,10,1904.4461872999816,1926.8110647999488,1929.253998879949,18.88548413292944,1877.0788990000256,1929.525435999949,NVIDIA H100 80GB HBM3,
2700,85,675,3,10,1988.982817400051,2004.51384310004,2005.1507064101495,16.409374152908885,1957.921013000032,2005.221469000162,NVIDIA H100 80GB HBM3,
2700,90,675,3,10,2195.341690700002,2206.600624399971,2212.141100539912,10.881340204277738,2179.882262999854,2212.7567089999047,NVIDIA H100 80GB HBM3,
2700,95,675,3,10,2131.8358217999844,2161.37113139996,2232.400804139945,40.95402523414977,2098.579041999983,2240.2929899999435,NVIDIA H100 80GB HBM3,
2700,100,675,3,10,2107.3983091999935,2125.2678523999975,2129.0679463400647,17.04789775748001,2082.652703000008,2129.490179000072,NVIDIA H100 80GB HBM3,
2800,5,700,3,10,691.4154695000207,706.5079017000926,709.7397911701478,12.571303239794007,673.9424190000136,710.0988900001539,NVIDIA H100 80GB HBM3,
2800,10,700,3,10,924.7574975999896,935.6660664000628,938.849734140108,9.52469403899687,912.0476609998605,939.203475000113,NVIDIA H100 80GB HBM3,
2800,15,700,3,10,941.8621750999592,960.5163242999424,974.4687549299168,16.9127565284723,923.2275760000448,976.019024999914,NVIDIA H100 80GB HBM3,
2800,20,700,3,10,1159.67172579999,1228.6720161999938,1240.4685257200413,54.66853965689465,1088.0135090001204,1241.7792490000463,NVIDIA H100 80GB HBM3,
2800,25,700,3,10,1080.355528600012,1086.3404217999232,1091.2690838800563,5.756758094049416,1073.029212999927,1091.816713000071,NVIDIA H100 80GB HBM3,
2800,30,700,3,10,1153.7393909000002,1184.166334100064,1186.0328584100807,21.148426907379065,1123.1865520001063,1186.2402500000826,NVIDIA H100 80GB HBM3,
2800,35,700,3,10,1275.8275805999574,1288.29435119992,1292.8130917200815,11.240361201510414,1260.0599079999029,1293.3151740000994,NVIDIA H100 80GB HBM3,
2800,40,700,3,10,1283.6933278000288,1301.8312228001605,1304.924368180002,12.606843534247217,1268.9924679998512,1305.2680509999846,NVIDIA H100 80GB HBM3,
2800,45,700,3,10,1478.0672143999936,1529.84590510016,1530.4924965099758,37.14607861307566,1430.0553299999592,1530.564339999955,NVIDIA H100 80GB HBM3,
2800,50,700,3,10,1521.0533856000438,1543.0939243001603,1544.8529956300058,24.199751354586517,1476.2755710000874,1545.0484479999886,NVIDIA H100 80GB HBM3,
2800,55,700,3,10,1598.926349500016,1627.130420600065,1655.4805388599857,29.04959019906409,1560.9702379999817,1658.630551999977,NVIDIA H100 80GB HBM3,
2800,60,700,3,10,1712.2873297000297,1720.6313018001538,1764.7408788801272,21.24040727057606,1696.0595379998722,1769.6419430001242,NVIDIA H100 80GB HBM3,
2800,65,700,3,10,1566.9268301000102,1584.6438261999992,1591.945103020098,15.251640979431766,1542.4025119998532,1592.756356000109,NVIDIA H100 80GB HBM3,
2800,70,700,3,10,1789.6735400000357,1804.7711821999428,1828.2339597199664,19.486300424500467,1756.1571840001309,1830.8409349999688,NVIDIA H100 80GB HBM3,
2800,75,700,3,10,1912.6943052000115,1938.788735399908,2094.7381682400032,72.66996818624554,1858.9779799999635,2112.065883000014,NVIDIA H100 80GB HBM3,
2800,80,700,3,10,2091.123344699986,2102.040557400187,2107.170873840096,12.06445688736113,2067.605856,2107.7409090000856,NVIDIA H100 80GB HBM3,
2800,85,700,3,10,1975.3136533000084,2017.7805272000228,2022.90182671998,38.3428484176994,1919.5771019999484,2023.470859999975,NVIDIA H100 80GB HBM3,
2800,90,700,3,10,2241.7510960999607,2259.5284793999326,2260.9260080399963,14.665417244191929,2215.591305999851,2261.0812890000034,NVIDIA H100 80GB HBM3,
2800,95,700,3,10,2340.916468400065,2360.5622222999955,2374.829273129999,25.865898821971943,2289.896916000089,2376.4145009999997,NVIDIA H100 80GB HBM3,
2800,100,700,3,10,2250.625907000017,2265.5195498999888,2271.661252590003,10.939353540797526,2233.560370999953,2272.3436640000045,NVIDIA H100 80GB HBM3,
2900,5,725,3,10,850.7713710000417,862.0024803000433,871.313554229996,10.425600859273572,839.6974689999297,872.3481179999908,NVIDIA H100 80GB HBM3,
2900,10,725,3,10,903.228164799998,909.063268400064,914.5362634399748,7.399740152729312,887.0247380000365,915.144373999965,NVIDIA H100 80GB HBM3,
2900,15,725,3,10,985.5513444000052,1011.7313486999136,1024.4811188699075,24.463915773672067,943.0723630000556,1025.897759999907,NVIDIA H100 80GB HBM3,
2900,20,725,3,10,1064.282264299959,1067.7729494999994,1073.4157699499906,4.822267260828294,1056.970814999886,1074.0427499999896,NVIDIA H100 80GB HBM3,
2900,25,725,3,10,1163.3456801999728,1185.416672999986,1196.649485700052,15.656939350913426,1148.1943429998864,1197.8975760000594,NVIDIA H100 80GB HBM3,
2900,30,725,3,10,1219.6023080000032,1259.8105048998605,1261.7989406898232,25.110633926705333,1197.5431339999432,1262.019877999819,NVIDIA H100 80GB HBM3,
2900,35,725,3,10,1342.6202828000214,1383.5581749001449,1391.4782406899576,25.047316753495164,1312.6497389998804,1392.3582479999368,NVIDIA H100 80GB HBM3,
2900,40,725,3,10,1530.6655126000578,1547.120571400069,1608.5114223400365,33.25034914115505,1499.633587000062,1615.3326280000329,NVIDIA H100 80GB HBM3,
2900,45,725,3,10,1449.9232973000062,1471.834897400072,1474.4486167401303,19.54678788346959,1422.469108999849,1474.739030000137,NVIDIA H100 80GB HBM3,
2900,50,725,3,10,1380.444453999985,1387.3040793999735,1417.598034039847,14.700118682601698,1370.7076319999487,1420.964028999833,NVIDIA H100 80GB HBM3,
2900,55,725,3,10,1713.010855300013,1730.8320878000131,1737.6937257800296,15.540162221761156,1685.8755310001925,1738.4561300000314,NVIDIA H100 80GB HBM3,
2900,60,725,3,10,1570.826138100017,1576.238650099981,1580.1198388099465,5.1607046867832365,1564.1084570000885,1580.5510819999429,NVIDIA H100 80GB HBM3,
2900,65,725,3,10,1844.85342370001,1855.9614140001256,1867.2003097999527,12.33875341293877,1825.5543249999848,1868.4490759999333,NVIDIA H100 80GB HBM3,
2900,70,725,3,10,1908.660402699979,1923.727769500147,2049.0201935499954,55.14970173490556,1875.8109979999065,2062.9415739999786,NVIDIA H100 80GB HBM3,
2900,75,725,3,10,1766.0706482000023,1780.280736299983,1790.2280166299945,13.261457470058032,1747.770005000007,1791.3332699999955,NVIDIA H100 80GB HBM3,
2900,80,725,3,10,1904.393831799996,1927.6808917999915,1932.1098243799452,22.598821814843163,1866.3486310000508,1932.60192799994,NVIDIA H100 80GB HBM3,
2900,85,725,3,10,2161.4588226000023,2191.3114876998634,2192.321539069997,30.092353300928316,2106.720344999985,2192.433767000012,NVIDIA H100 80GB HBM3,
2900,90,725,3,10,2308.971540000016,2333.072288599988,2363.9932658601674,26.02688564732422,2275.859246999971,2367.4289300001874,NVIDIA H100 80GB HBM3,
2900,95,725,3,10,2134.604186699994,2136.8711882999264,2139.1343307299885,2.42325117336596,2131.635103999997,2139.385790999995,NVIDIA H100 80GB HBM3,
2900,100,725,3,10,2425.5972859000053,2432.892663799987,2436.5098224800263,8.882273087819167,2406.6640040000493,2436.9117290000304,NVIDIA H100 80GB HBM3,
3000,5,750,3,10,730.3646567000214,738.2922887001314,738.6141397699384,5.852672991978473,721.321934000116,738.649900999917,NVIDIA H100 80GB HBM3,
3000,10,750,3,10,810.9029889999874,839.9660987001198,841.8053389700776,17.752053300700783,792.5989999998819,842.0096990000729,NVIDIA H100 80GB HBM3,
3000,15,750,3,10,870.497212500004,881.1314403999404,895.263481240022,12.536445641604187,855.1864769999611,896.833708000031,NVIDIA H100 80GB HBM3,
3000,20,750,3,10,1081.653049100032,1093.377712799952,1100.3596762801112,11.381086267620104,1066.4416330000677,1101.135450000129,NVIDIA H100 80GB HBM3,
3000,25,750,3,10,1043.005077700013,1049.4283483000345,1049.8862275300462,5.943324724190709,1034.3471119999776,1049.9371030000475,NVIDIA H100 80GB HBM3,
3000,30,750,3,10,1094.5595261999642,1096.8478303999746,1101.0453103399775,2.9320756542933397,1091.3818550000087,1101.511696999978,NVIDIA H100 80GB HBM3,
3000,35,750,3,10,1165.410335200022,1181.078389100071,1256.8602970099369,36.14043354098542,1143.3269440001368,1265.280508999922,NVIDIA H100 80GB HBM3,
3000,40,750,3,10,1464.284487800046,1492.7850563999982,1501.2618959400745,24.181894576336536,1421.7680350000137,1502.2037670000827,NVIDIA H100 80GB HBM3,
3000,45,750,3,10,1558.2615216999784,1574.9229490998914,1575.2276395099534,13.653432874401265,1539.846966999903,1575.2614939999603,NVIDIA H100 80GB HBM3,
3000,50,750,3,10,1592.4178716999677,1620.2286695000566,1711.5787644499824,49.42186628516735,1544.968684999958,1721.728774999974,NVIDIA H100 80GB HBM3,
3000,55,750,3,10,1771.0235997999916,1842.184726000005,1863.0262528000549,78.64655403152332,1657.2088450000138,1865.3419780000604,NVIDIA H100 80GB HBM3,
3000,60,750,3,10,1786.6117970999992,1791.104218399846,1791.2137336399403,4.341956633178118,1780.0667540000177,1791.225901999951,NVIDIA H100 80GB HBM3,
3000,65,750,3,10,1650.1428166000096,1655.6376337000074,1772.9472987700274,48.375058060482296,1614.246944999877,1785.9817060000296,NVIDIA H100 80GB HBM3,
3000,70,750,3,10,1916.5748473999656,1948.131579700112,2039.19042457002,53.04496751818904,1858.9996660000447,2049.3080740000096,NVIDIA H100 80GB HBM3,
3000,75,750,3,10,2024.2134352999528,2033.2164899000877,2033.835256190041,9.022379787174485,2007.445136999877,2033.904008000036,NVIDIA H100 80GB HBM3,
3000,80,750,3,10,1982.3427426000085,2007.2245162000056,2010.4373990200395,16.522950856187865,1962.6144169999409,2010.7943860000432,NVIDIA H100 80GB HBM3,
3000,85,750,3,10,2258.27436989996,2278.367349600012,2290.3820601599955,20.58926407211051,2229.167380000036,2291.7170279999937,NVIDIA H100 80GB HBM3,
3000,90,750,3,10,2397.180626699992,2417.2299479000458,2505.8423351900137,43.501305425011424,2366.561648999891,2515.68815600001,NVIDIA H100 80GB HBM3,
3000,95,750,3,10,2480.288004499994,2497.672646599949,2502.611423959929,12.981711973420394,2464.721151000049,2503.160176999927,NVIDIA H100 80GB HBM3,
3000,100,750,3,10,2569.7549393000145,2580.648057700057,2584.0736181700563,8.83896564614186,2558.3296519999976,2584.454236000056,NVIDIA H100 80GB HBM3,
3100,5,775,3,10,901.5270994000048,914.2153776000214,956.251774259872,24.56375929316665,877.368264000097,960.9224849998554,NVIDIA H100 80GB HBM3,
3100,10,775,3,10,839.8502929000188,842.5858674999745,842.941445350034,2.7077685498204307,835.7105879999835,842.9809540000406,NVIDIA H100 80GB HBM3,
3100,15,775,3,10,952.8145388999974,963.5232736000034,972.8874616599796,10.039934004584422,941.8432810000468,973.927926999977,NVIDIA H100 80GB HBM3,
3100,20,775,3,10,1118.7226904999534,1155.344871599823,1162.023885359929,27.13734408816776,1082.1315900000172,1162.7659979999407,NVIDIA H100 80GB HBM3,
3100,25,775,3,10,1048.6325047999571,1053.5138037000024,1056.8147051699202,4.877940465390404,1040.7717319999392,1057.181471999911,NVIDIA H100 80GB HBM3,
3100,30,775,3,10,1270.1779930999692,1274.442499800034,1291.1805649799635,8.550964899707592,1262.7575239998805,1293.0403499999557,NVIDIA H100 80GB HBM3,
3100,35,775,3,10,1375.0197964000108,1385.5531002998987,1386.897516430106,9.83770444508425,1359.156374999884,1387.046896000129,NVIDIA H100 80GB HBM3,
3100,40,775,3,10,1324.41682460003,1333.7703381998836,1341.9149546200742,10.44467613335017,1304.699651999954,1342.8199120000954,NVIDIA H100 80GB HBM3,
3100,45,775,3,10,1548.138334200053,1555.63743050011,1557.522417950095,5.976890567987308,1539.5563859999584,1557.731861000093,NVIDIA H100 80GB HBM3,
3100,50,775,3,10,1601.9815640999695,1610.0279644001375,1616.8243779400177,7.78924900179364,1590.6286340000406,1617.5795350000044,NVIDIA H100 80GB HBM3,
3100,55,775,3,10,1749.9772342000142,1754.9694811001243,1755.2170665100084,3.7617935013547497,1743.0417430000489,1755.2445759999955,NVIDIA H100 80GB HBM3,
3100,60,775,3,10,1724.021716300035,1739.4767302001585,1746.9227540199745,13.202625941719912,1702.308893999998,1747.750089999954,NVIDIA H100 80GB HBM3,
3100,65,775,3,10,1875.1103375999717,1887.4359327999853,1891.47362728,11.315218435060483,1862.0108290001556,1891.9222600000007,NVIDIA H100 80GB HBM3,
3100,70,775,3,10,1972.3979435000276,1992.260187100146,1993.8962421101269,18.679465732274167,1934.538757999917,1994.0780260001247,NVIDIA H100 80GB HBM3,
3100,75,775,3,10,2015.4841510000097,2022.6312193999547,2027.967729439888,6.933173140310674,2004.8556480001023,2028.5606749998808,NVIDIA H100 80GB HBM3,
3100,80,775,3,10,2169.2163091999646,2183.956337699988,2186.432667269876,13.71435156997067,2146.4962860000014,2186.707814999864,NVIDIA H100 80GB HBM3,
3100,85,775,3,10,2125.024694800016,2149.147271400045,2152.029740640027,16.200920899557662,2100.840158999972,2152.3500150000245,NVIDIA H100 80GB HBM3,
3100,90,775,3,10,2302.073607199964,2368.997351099995,2409.077836710047,75.42188600536927,2207.322033999958,2413.531224000053,NVIDIA H100 80GB HBM3,
3100,95,775,3,10,2469.610863299976,2483.362726700045,2487.649438669993,15.45755252161486,2439.256582999974,2488.1257399999868,NVIDIA H100 80GB HBM3,
3100,100,775,3,10,2470.6520910999984,2539.9421044000064,2565.3813321400344,58.95437950856046,2400.912093999977,2568.207913000037,NVIDIA H100 80GB HBM3,
3200,5,800,3,10,793.181155599973,798.6915493000197,802.5798109299603,5.369003495373304,786.3282569999228,803.0118399999537,NVIDIA H100 80GB HBM3,
3200,10,800,3,10,996.1755670999764,1060.1655224001206,1109.8760680399346,52.33980890851219,938.2789199999024,1115.399461999914,NVIDIA H100 80GB HBM3,
3200,15,800,3,10,1037.5903021999875,1042.2617781999634,1050.931720120011,5.87806582849016,1030.2345889999742,1051.8950470000163,NVIDIA H100 80GB HBM3,
3200,20,800,3,10,1138.6220814999888,1154.618052999922,1161.7173627998682,12.852224368938938,1120.400170000039,1162.5061749998622,NVIDIA H100 80GB HBM3,
3200,25,800,3,10,1000.2346499000396,1001.5409760999546,1001.9210127101156,1.3045042669019955,997.1068800000468,1001.9632390001334,NVIDIA H100 80GB HBM3,
3200,30,800,3,10,1187.8023060000032,1194.8697627000683,1199.7592847699184,5.949128648386161,1179.6366660000783,1200.3025649999015,NVIDIA H100 80GB HBM3,
3200,35,800,3,10,1228.2530229999793,1238.1494060999555,1241.5576520100876,7.289341211436373,1221.1032850000263,1241.9363460001025,NVIDIA H100 80GB HBM3,
3200,40,800,3,10,1426.4630434999845,1440.665278600045,1448.9747251601011,10.558280001951122,1412.4663860000055,1449.8979970001074,NVIDIA H100 80GB HBM3,
3200,45,800,3,10,1509.7183560999838,1538.240853100092,1551.1924866100458,26.40126395987396,1469.9077230000055,1552.6315570000406,NVIDIA H100 80GB HBM3,
3200,50,800,3,10,1707.0227459999842,1717.669934100013,1719.8137457100029,14.955425995678311,1669.0450819999114,1720.0519470000015,NVIDIA H100 80GB HBM3,
3200,55,800,3,10,1813.8802012000044,1824.5747051998933,1825.519199219912,11.582545065580184,1792.9001799998332,1825.6241429999136,NVIDIA H100 80GB HBM3,
3200,60,800,3,10,1895.0537224999607,1902.6652817999773,1906.9141999798624,9.936082040203493,1874.5998909998889,1907.3863019998496,NVIDIA H100 80GB HBM3,
3200,65,800,3,10,1954.2291036999588,1960.74841509992,1963.6450974099691,5.340565477732045,1944.649027999958,1963.9669509999749,NVIDIA H100 80GB HBM3,
3200,70,800,3,10,2005.2883229999452,2029.063781900004,2136.042481789941,53.87472489898676,1950.6671339997863,2147.929003999934,NVIDIA H100 80GB HBM3,
3200,75,800,3,10,2199.648563200026,2207.919853200042,2344.72408391993,56.745772852773854,2169.7178280001026,2359.9245539999174,NVIDIA H100 80GB HBM3,
3200,80,800,3,10,2239.147044599963,2254.140824600018,2266.3593959600166,14.990076540167337,2219.0006099999664,2267.7170150000165,NVIDIA H100 80GB HBM3,
3200,85,800,3,10,2357.826950500009,2362.388424700021,2369.956511470022,6.305761956641147,2347.975171999906,2370.797410000023,NVIDIA H100 80GB HBM3,
3200,90,800,3,10,2470.6529301000046,2479.500068799928,2551.8165350799827,32.09381862932382,2451.3753040000665,2559.8516979999886,NVIDIA H100 80GB HBM3,
3200,95,800,3,10,2299.086304299987,2325.3617872999826,2331.2847608299367,20.032943316312625,2272.166750999986,2331.942868999932,NVIDIA H100 80GB HBM3,
3200,100,800,3,10,2665.0728394999987,2675.5054524000684,2675.8975928399504,7.682874112882934,2652.7778999999327,2675.941163999937,NVIDIA H100 80GB HBM3,
3300,5,825,3,10,777.4072768999986,786.6299825000624,794.3476503500438,10.382958136065552,760.2937509999492,795.2051690000417,NVIDIA H100 80GB HBM3,
3300,10,825,3,10,964.480510999988,984.05103230009,986.0486081300836,17.26087744066013,934.1093769999134,986.270561000083,NVIDIA H100 80GB HBM3,
3300,15,825,3,10,934.3360468000128,952.0567522000532,954.2790860199818,12.330891881817614,920.4698930000176,954.526011999974,NVIDIA H100 80GB HBM3,
3300,20,825,3,10,986.5581611000836,992.6070037000272,1037.9446290700184,20.2137466276723,971.6213700000936,1042.9821430000177,NVIDIA H100 80GB HBM3,
3300,25,825,3,10,1142.3682683999914,1166.4811202000465,1169.120725520031,18.10612694097326,1122.2913069998413,1169.4140150000294,NVIDIA H100 80GB HBM3,
3300,30,825,3,10,1298.4494943000072,1345.706398100015,1353.3092209100937,40.16625303520906,1231.18399100008,1354.1539790001025,NVIDIA H100 80GB HBM3,
3300,35,825,3,10,1434.1134129000466,1441.8241012001315,1441.9385801200383,8.566510557334809,1413.4618309999496,1441.951300000028,NVIDIA H100 80GB HBM3,
3300,40,825,3,10,1575.0268961000074,1604.0530165000291,1621.668989649875,30.23210404263868,1525.8480919999329,1623.6263199998575,NVIDIA H100 80GB HBM3,
3300,45,825,3,10,1638.6529481000252,1683.126923000168,1724.456525000007,43.13694217140498,1600.3048249999665,1729.0487029999897,NVIDIA H100 80GB HBM3,
3300,50,825,3,10,1724.5679879999443,1749.9600355998837,1758.9166235598327,25.42812101605245,1677.203274000021,1759.911799999827,NVIDIA H100 80GB HBM3,
3300,55,825,3,10,1786.8519176000063,1851.3029912999173,1900.423345829995,51.466404457418896,1746.6676600001847,1905.881163000004,NVIDIA H100 80GB HBM3,
3300,60,825,3,10,1692.9561480000075,1755.234233699946,1762.6667345699468,44.514160180164765,1649.1640560000178,1763.492567999947,NVIDIA H100 80GB HBM3,
3300,65,825,3,10,1961.3140089999888,1993.7891802001784,2001.249111720069,27.22770632306078,1930.231088000028,2002.0779930000567,NVIDIA H100 80GB HBM3,
3300,70,825,3,10,2154.81815309995,2175.1123794000705,2182.046492939972,17.008713103811914,2133.567367999831,2182.8169499999603,NVIDIA H100 80GB HBM3,
3300,75,825,3,10,2220.174396100037,2236.46626970002,2239.610646769994,11.15499721190047,2206.507765999959,2239.960021999991,NVIDIA H100 80GB HBM3,
3300,80,825,3,10,2357.7562916000147,2387.3854741999708,2436.8518437200364,33.66145353837633,2328.662239999858,2442.3481070000435,NVIDIA H100 80GB HBM3,
3300,85,825,3,10,2156.768877599996,2166.393705400003,2168.3027490400186,7.068257882015323,2144.733724000048,2168.51486500002,NVIDIA H100 80GB HBM3,
3300,90,825,3,10,2441.659529900005,2650.7811828000285,2677.072015380038,144.6508284989857,2296.792843999924,2679.993219000039,NVIDIA H100 80GB HBM3,
3300,95,825,3,10,2530.7176667000244,2541.118755600042,2560.1213280600564,15.279789863595,2505.2452190000167,2562.232725000058,NVIDIA H100 80GB HBM3,
3300,100,825,3,10,2703.6071864999712,2722.2470156000554,2722.5255470599477,22.182658861865317,2659.7521149999466,2722.5564949999352,NVIDIA H100 80GB HBM3,
3400,5,850,3,10,801.7322893000028,810.229572600042,810.2841066599672,6.076638684669326,791.4887750000617,810.2901659999588,NVIDIA H100 80GB HBM3,
3400,10,850,3,10,881.1913634999655,884.4186542000443,889.2634278199876,4.295440583025938,874.2301299998871,889.8017359999812,NVIDIA H100 80GB HBM3,
3400,15,850,3,10,1062.4765230999856,1070.151140799976,1075.5012539798895,7.231402313245699,1050.6235240000024,1076.09571099988,NVIDIA H100 80GB HBM3,
3400,20,850,3,10,1060.3705348000403,1067.977302600002,1072.010742959883,6.447212996095141,1051.6108980000354,1072.4589029998697,NVIDIA H100 80GB HBM3,
3400,25,850,3,10,1144.1167264000342,1157.191237400002,1189.7306497401178,21.08063662739272,1117.3838320000868,1193.3461400001306,NVIDIA H100 80GB HBM3,
3400,30,850,3,10,1339.411437900003,1361.8550243001664,1390.3353962300298,29.67289468277579,1294.6747429998595,1393.4998820000146,NVIDIA H100 80GB HBM3,
3400,35,850,3,10,1525.2494367000054,1544.8576753001134,1550.1478039300969,19.35300898778811,1484.6395249999205,1550.735596000095,NVIDIA H100 80GB HBM3,
3400,40,850,3,10,1735.3368200999969,1821.9418322001277,1859.8348083199471,63.07459983890651,1661.2211050000951,1864.045138999927,NVIDIA H100 80GB HBM3,
3400,45,850,3,10,1627.7912624999772,1651.284502700037,1651.4346985699603,24.6741415523292,1577.3550510000405,1651.451386999952,NVIDIA H100 80GB HBM3,
3400,50,850,3,10,1753.26909610003,1799.999347300036,1801.3293535299545,44.56575345372101,1679.633744000057,1801.4771319999452,NVIDIA H100 80GB HBM3,
3400,55,850,3,10,1617.154362299971,1626.5447306999022,1634.2293116698625,8.662447491270493,1603.7244350000035,1635.083153999858,NVIDIA H100 80GB HBM3,
3400,60,850,3,10,1889.884881700004,1906.871020499898,2004.845230649992,45.53973230701202,1855.7165930001247,2015.731254000002,NVIDIA H100 80GB HBM3,
3400,65,850,3,10,2009.0483684000449,2015.9601896000595,2024.2937741599255,8.331571870966414,1996.0678080001344,2025.219727999911,NVIDIA H100 80GB HBM3,
3400,70,850,3,10,2094.9159641999927,2113.2443452999382,2119.425036529996,16.87969762474696,2063.4204480001017,2120.111780000002,NVIDIA H100 80GB HBM3,
3400,75,850,3,10,2288.54294930004,2300.8958880001046,2304.2421114001263,8.090041977963478,2279.480292000017,2304.6139140001287,NVIDIA H100 80GB HBM3,
3400,80,850,3,10,2139.068189400007,2153.807779700003,2173.423239469986,15.000860965902612,2125.486152000008,2175.602734999984,NVIDIA H100 80GB HBM3,
3400,85,850,3,10,2545.2231519999714,2578.5770972000137,2689.0866381199817,59.82825372132008,2491.363473999968,2701.365475999978,NVIDIA H100 80GB HBM3,
3400,90,850,3,10,2608.143970099991,2618.0606981000096,2626.845958910013,9.314857083207189,2595.714464000025,2627.8220990000136,NVIDIA H100 80GB HBM3,
3400,95,850,3,10,2777.928700299981,2804.564678300005,2842.669729429994,37.16989981340122,2705.018277000022,2846.9036239999923,NVIDIA H100 80GB HBM3,
3400,100,850,3,10,2884.127140800035,2930.770317000031,3029.607594299981,62.01128651807228,2804.725197000039,3040.589513999976,NVIDIA H100 80GB HBM3,
3500,5,875,3,10,916.5452410000172,965.2078228000846,969.3007025801352,31.354527634985388,875.7071370000631,969.7554670001408,NVIDIA H100 80GB HBM3,
3500,10,875,3,10,1041.409488499994,1080.2797363998934,1102.4884087399391,35.117404837264054,997.1077870000044,1104.9560389999442,NVIDIA H100 80GB HBM3,
3500,15,875,3,10,1029.3045769999935,1200.0873364998142,1240.186350049978,140.052510377295,901.4495110000098,1244.6417959999962,NVIDIA H100 80GB HBM3,
3500,20,875,3,10,1079.1779779999729,1084.257178300027,1085.6081716299263,4.114037400823594,1073.791411000002,1085.7582819999152,NVIDIA H100 80GB HBM3,
3500,25,875,3,10,1261.21518679995,1299.0572257000167,1305.661550170075,25.557849482661304,1230.6010319998677,1306.3953640000818,NVIDIA H100 80GB HBM3,
3500,30,875,3,10,1415.359867699999,1439.598713299938,1439.715258529909,20.725714175718338,1379.305506000037,1439.728207999906,NVIDIA H100 80GB HBM3,
3500,35,875,3,10,1559.4902977999936,1569.1495320999366,1569.9026871101205,6.35818093707008,1551.454835999948,1569.986371000141,NVIDIA H100 80GB HBM3,
3500,40,875,3,10,1521.429950899983,1531.4998923999838,1538.1078756398415,12.9693121228967,1492.3511489998873,1538.8420959998257,NVIDIA H100 80GB HBM3,
3500,45,875,3,10,1659.3852143000047,1670.6160667001311,1670.9015487700026,10.328332732156316,1640.656381000099,1670.9332689999885,NVIDIA H100 80GB HBM3,
3500,50,875,3,10,1601.9317647999517,1617.2771057999626,1644.2993035800075,18.19877873998238,1585.650409999971,1647.3017700000128,NVIDIA H100 80GB HBM3,
3500,55,875,3,10,1874.1455671999572,1880.1819659999185,1885.300210200048,7.628685541333858,1857.705532999944,1885.868904000063,NVIDIA H100 80GB HBM3,
3500,60,875,3,10,1869.3581496999736,1891.362440699936,1901.8732007698304,21.85602435865618,1840.4229549998945,1903.041062999819,NVIDIA H100 80GB HBM3,
3500,65,875,3,10,1911.6512714999883,1922.7552798999568,1926.1227892899296,13.201021947142628,1883.3636699999945,1926.4969569999264,NVIDIA H100 80GB HBM3,
3500,70,875,3,10,2245.640694300027,2255.975368400027,2265.724231940096,12.392541395296991,2227.668961000063,2266.807439000104,NVIDIA H100 80GB HBM3,
3500,75,875,3,10,2087.9678408000364,2103.3355222000296,2107.6975682200205,10.793807608366045,2071.7843459999585,2108.182240000019,NVIDIA H100 80GB HBM3,
3500,80,875,3,10,2497.215427300034,2513.320279300035,2534.4504034300703,20.61687549686379,2458.795081000062,2536.798195000074,NVIDIA H100 80GB HBM3,
3500,85,875,3,10,2435.8229966999943,2471.276779399932,2476.8340468400243,31.440240634922773,2387.433058000056,2477.4515210000345,NVIDIA H100 80GB HBM3,
3500,90,875,3,10,2696.336958300003,2713.629799000057,2778.9695424999663,34.70784327589535,2667.229453999994,2786.229513999956,NVIDIA H100 80GB HBM3,
3500,95,875,3,10,2887.042132100009,2890.292481200015,2904.7695966200845,7.0320862363592935,2881.783149999933,2906.378165000092,NVIDIA H100 80GB HBM3,
3500,100,875,3,10,2924.8950230999862,3065.0381783000057,3070.3876961299534,98.50810268130536,2772.591776000013,3070.982086999948,NVIDIA H100 80GB HBM3,
3600,5,900,3,10,908.6649233000117,947.3886752999988,967.8409428299938,36.773426970755416,856.8839790000311,970.1134169999932,NVIDIA H100 80GB HBM3,
3600,10,900,3,10,1046.4958642999818,1051.2627275000114,1072.191106550033,10.462962665925016,1037.6014280000163,1074.5164820000357,NVIDIA H100 80GB HBM3,
3600,15,900,3,10,1124.0340688999595,1142.1605908998572,1145.6347934901169,14.740374118681252,1105.693252000037,1146.0208160001455,NVIDIA H100 80GB HBM3,
3600,20,900,3,10,1022.1212731999912,1032.8899858000111,1038.0432608798628,9.208171509290478,1009.0353220000452,1038.6158469998463,NVIDIA H100 80GB HBM3,
3600,25,900,3,10,1442.0740041000045,1475.614316299993,1513.418687329961,33.694716881054006,1405.3987820000202,1517.6191729999573,NVIDIA H100 80GB HBM3,
3600,30,900,3,10,1446.5001536000043,1457.7547710998942,1475.0117085099669,15.345034532710072,1423.1396970001242,1476.929145999975,NVIDIA H100 80GB HBM3,
3600,35,900,3,10,1405.0857910999866,1413.6535292000644,1429.996406720015,11.09699766219008,1392.755755999815,1431.81228200001,NVIDIA H100 80GB HBM3,
3600,40,900,3,10,1446.6704217000597,1452.757153500147,1459.0537492500448,5.89139644316553,1440.3793640001368,1459.7533710000334,NVIDIA H100 80GB HBM3,
3600,45,900,3,10,1566.9756945000245,1578.7183493001294,1661.2369397300267,37.16125131211119,1546.0418519999166,1670.405672000015,NVIDIA H100 80GB HBM3,
3600,50,900,3,10,1574.4744307000246,1582.8302306000296,1594.7621672601915,8.810166056168512,1564.3372110000655,1596.0879380002098,NVIDIA H100 80GB HBM3,
3600,55,900,3,10,2035.539408399972,2042.595128899893,2052.622101889897,9.120547840036624,2020.9728290001292,2053.7362099998973,NVIDIA H100 80GB HBM3,
3600,60,900,3,10,1953.2449740000056,1985.980321400143,2033.286787039949,43.58854770048572,1897.5081530001037,2038.5430609999275,NVIDIA H100 80GB HBM3,
3600,65,900,3,10,2072.093484999982,2079.452044300024,2088.3202831299923,7.904592823345479,2062.8687949999858,2089.305642999989,NVIDIA H100 80GB HBM3,
3600,70,900,3,10,2013.0536024000096,2019.798075799963,2023.376581280004,8.414795588347138,1992.5422330001084,2023.7741930000084,NVIDIA H100 80GB HBM3,
3600,75,900,3,10,2249.2980149999994,2302.090540800009,2351.242246380048,54.43393957107434,2184.288057999993,2356.703547000052,NVIDIA H100 80GB HBM3,
3600,80,900,3,10,2515.403236899988,2524.557712699959,2528.065593469973,9.19385884700248,2501.2674199999765,2528.455357999974,NVIDIA H100 80GB HBM3,
3600,85,900,3,10,2646.647613799996,2663.2539174000385,2663.523269939942,12.998656889989748,2625.032295999972,2663.5531979999314,NVIDIA H100 80GB HBM3,
3600,90,900,3,10,2705.335876800018,2759.663469100053,2766.9529272099944,46.58967755770386,2643.163448999985,2767.762866999988,NVIDIA H100 80GB HBM3,
3600,95,900,3,10,2774.134688099992,2811.5225873000327,2826.33605603005,35.8707183526013,2710.244603999968,2827.981997000052,NVIDIA H100 80GB HBM3,
3600,100,900,3,10,2982.021478300021,3004.016809100005,3007.794293510029,19.946882567086064,2950.3141520000327,3008.214014000032,NVIDIA H100 80GB HBM3,
3700,5,925,3,10,1152.653334799993,1164.2314835999289,1172.1397695600012,10.896332433703696,1139.4976120000138,1173.0184680000093,NVIDIA H100 80GB HBM3,
3700,10,925,3,10,981.1862183999664,1061.1814293000862,1104.8404965300188,72.71362725746494,914.975831999982,1109.6915040000113,NVIDIA H100 80GB HBM3,
3700,15,925,3,10,1000.365854200004,1018.4232983000356,1051.7760470298413,21.6520655807569,980.0710450001588,1055.4819079998197,NVIDIA H100 80GB HBM3,
3700,20,925,3,10,1189.9840726000093,1195.8290637999198,1237.654189780028,19.09075049162756,1172.9415769998468,1242.30142600004,NVIDIA H100 80GB HBM3,
3700,25,925,3,10,1415.9904381000388,1419.0110463000792,1420.9928433300795,3.724820631023711,1409.8430679998728,1421.2130430000798,NVIDIA H100 80GB HBM3,
3700,30,925,3,10,1560.672014000011,1574.1226596999468,1579.5529620701268,11.508084127773104,1545.1545519999854,1580.1563290001468,NVIDIA H100 80GB HBM3,
3700,35,925,3,10,1408.3607443000346,1439.2050717000757,1440.5915138700652,21.937579706722605,1379.0046149999853,1440.745563000064,NVIDIA H100 80GB HBM3,
3700,40,925,3,10,1684.063605700044,1694.0042842000594,1696.104858819997,7.957436889299498,1674.0371749999667,1696.33825599999,NVIDIA H100 80GB HBM3,
3700,45,925,3,10,1668.997185399985,1676.166458899911,1676.2349192898978,5.118406431299156,1662.8363330000866,1676.2425259998963,NVIDIA H100 80GB HBM3,
3700,50,925,3,10,1850.8277671000087,1863.877998599924,1867.207800059939,10.098220256906105,1836.5730340001392,1867.5777779999407,NVIDIA H100 80GB HBM3,
3700,55,925,3,10,2009.761860099934,2018.7197765998465,2048.7478827599625,16.53440173003522,1993.7144319999331,2052.084338999975,NVIDIA H100 80GB HBM3,
3700,60,925,3,10,2060.32784490003,2097.8080607000493,2101.368445669998,36.98838898098253,2002.323037999986,2101.7640439999923,NVIDIA H100 80GB HBM3,
3700,65,925,3,10,2182.517217899976,2221.8520219001,2243.291870589908,57.98228192847076,2031.0017369999969,2245.6740759998866,NVIDIA H100 80GB HBM3,
3700,70,925,3,10,2346.600393899974,2363.4264531999065,2365.3276058199426,10.746295395696984,2335.541792000072,2365.5388449999464,NVIDIA H100 80GB HBM3,
3700,75,925,3,10,2414.1149688999803,2428.87428949997,2431.886173249929,10.661462534256186,2400.4847859999927,2432.220826999924,NVIDIA H100 80GB HBM3,
3700,80,925,3,10,2478.042850999975,2525.162881799997,2528.511112379972,40.88950232619902,2421.43772899999,2528.883137999969,NVIDIA H100 80GB HBM3,
3700,85,925,3,10,2562.9993711,2589.442358199949,2590.51949782003,19.25925137014285,2539.2212430000427,2590.6391800000392,NVIDIA H100 80GB HBM3,
3700,90,925,3,10,2817.953424399991,2840.451620300007,2861.133522829929,32.77316717982331,2735.9794610000563,2863.43151199992,NVIDIA H100 80GB HBM3,
3700,95,925,3,10,2661.3555804999805,2673.3113406999337,2718.032078169997,22.61441979049104,2645.8713659999376,2723.001049000004,NVIDIA H100 80GB HBM3,
3700,100,925,3,10,2991.307600600021,3044.9029022999757,3137.088397230067,59.41022100531852,2949.878414000068,3147.331230000077,NVIDIA H100 80GB HBM3,
3800,5,950,3,10,1147.5076728999738,1148.9673501998825,1167.2867897201286,7.749094587087718,1143.1987109999682,1169.322283000156,NVIDIA H100 80GB HBM3,
3800,10,950,3,10,1257.227933900003,1267.000712300046,1267.0275581299506,9.018774174328623,1243.393180999874,1267.03054099994,NVIDIA H100 80GB HBM3,
3800,15,950,3,10,1298.6549633999855,1311.9959968998955,1331.759599189877,15.14160801311086,1285.261189000039,1333.955554999875,NVIDIA H100 80GB HBM3,
3800,20,950,3,10,1259.766373399998,1273.2200163998868,1275.888726640012,12.208847443346682,1246.028759999945,1276.185250000026,NVIDIA H100 80GB HBM3,
3800,25,950,3,10,1397.1280897999577,1403.6081288999412,1405.8735684899284,5.685933838185257,1389.453881999998,1406.125283999927,NVIDIA H100 80GB HBM3,
3800,30,950,3,10,1504.963749000035,1509.255410400101,1518.0295118399729,5.587854828907363,1500.4851779999626,1519.0044119999584,NVIDIA H100 80GB HBM3,
3800,35,950,3,10,1540.0205496000126,1567.5077194000778,1570.3397742399395,24.53798854838588,1506.1155320001944,1570.6544469999244,NVIDIA H100 80GB HBM3,
3800,40,950,3,10,1736.7219642000011,1759.1256915001168,1817.8890247499,35.00565447656657,1702.717741000015,1824.418283999876,NVIDIA H100 80GB HBM3,
3800,45,950,3,10,1825.7067694999707,1829.0562355998875,1830.4592333601272,2.794331893596865,1821.4469540000664,1830.6151220001536,NVIDIA H100 80GB HBM3,
3800,50,950,3,10,2118.634220500008,2221.910327899923,2362.285165789949,102.08271569713676,2042.323016999944,2377.882369999952,NVIDIA H100 80GB HBM3,
3800,55,950,3,10,2109.91179199998,2167.594970999812,2170.288455899829,37.82437803361187,2078.997280000067,2170.587731999831,NVIDIA H100 80GB HBM3,
3800,60,950,3,10,1895.2866681000048,1908.5808624000376,1910.796977039987,9.493541133309396,1885.3601900000283,1911.0432119999812,NVIDIA H100 80GB HBM3,
3800,65,950,3,10,2125.8373524999683,2166.551203799918,2166.933376379959,37.25143682916879,2083.155658999999,2166.975839999964,NVIDIA H100 80GB HBM3,
3800,70,950,3,10,2178.5739873999773,2187.0846801000653,2193.6612491098936,9.139593570502337,2165.114291000009,2194.3919789998745,NVIDIA H100 80GB HBM3,
3800,75,950,3,10,2246.088452300012,2258.7544336000065,2259.203988460017,10.010437344366409,2230.443495000032,2259.2539390000184,NVIDIA H100 80GB HBM3,
3800,80,950,3,10,2548.7069325999983,2570.17651970001,2580.570858470004,26.30938188052216,2491.0716350000257,2581.7257850000037,NVIDIA H100 80GB HBM3,
3800,85,950,3,10,2634.6398966999795,2644.203323700026,2646.859481369927,11.201563422826712,2615.240720999964,2647.154609999916,NVIDIA H100 80GB HBM3,
3800,90,950,3,10,2897.316723399979,2912.07414979998,2924.588283679974,16.277705696989248,2865.429256000084,2925.9787429999733,NVIDIA H100 80GB HBM3,
3800,95,950,3,10,2762.593001499988,2773.3780444999866,2777.1175431499523,11.089710790703023,2743.703790999916,2777.5330429999485,NVIDIA H100 80GB HBM3,
3800,100,950,3,10,3160.6620057999744,3188.836239500074,3189.3217494499777,18.8286404346416,3140.0307870000006,3189.375694999967,NVIDIA H100 80GB HBM3,
3900,5,975,3,10,930.611476900026,933.9163019998296,935.245317600095,3.564498200708423,925.4425200001606,935.3929860001244,NVIDIA H100 80GB HBM3,
3900,10,975,3,10,1076.2671563999677,1098.994958700041,1106.3845943698334,14.645893342307636,1064.1640810001718,1107.2056649998103,NVIDIA H100 80GB HBM3,
3900,15,975,3,10,1313.0214663999368,1318.7606620998167,1335.0488152100138,10.527351496780057,1296.324387999903,1336.8586100000357,NVIDIA H100 80GB HBM3,
3900,20,975,3,10,1270.6401994000316,1279.8668943001076,1281.2247078300766,6.227195367009674,1261.9478540000273,1281.3755760000731,NVIDIA H100 80GB HBM3,
3900,25,975,3,10,1433.3439745000078,1461.230510300038,1468.5481013299932,21.69169285976052,1407.9530220001288,1469.3611669999882,NVIDIA H100 80GB HBM3,
3900,30,975,3,10,1477.8147373000138,1496.6753802000994,1521.3571996199855,21.485852224694607,1452.3632909999833,1524.0996239999731,NVIDIA H100 80GB HBM3,
3900,35,975,3,10,1619.62756800001,1672.9393371000017,1678.5453884098683,42.76530329061896,1551.6711540001324,1679.1682829998535,NVIDIA H100 80GB HBM3,
3900,40,975,3,10,1787.992741800008,1802.145602199903,1804.0851488199155,11.576081491171514,1772.3544709999717,1804.300653999917,NVIDIA H100 80GB HBM3,
3900,45,975,3,10,1935.496537500035,1951.3011897001209,1956.1344491700925,10.436113487291395,1926.5152020000187,1956.671478000089,NVIDIA H100 80GB HBM3,
3900,50,975,3,10,2009.4841720999968,2018.7910718998864,2020.613903190069,7.902284616527657,1995.9738459999696,2020.8164400000896,NVIDIA H100 80GB HBM3,
3900,55,975,3,10,1904.8182212000484,1916.8363697000584,1917.606458570176,10.31793262797227,1887.3136950001024,1917.692024000189,NVIDIA H100 80GB HBM3,
3900,60,975,3,10,2140.13275669995,2177.01174169988,2186.64617086994,31.15541687144033,2102.864171999954,2187.7166629999465,NVIDIA H100 80GB HBM3,
3900,65,975,3,10,2121.814782599995,2142.729762199951,2151.0976794201088,15.833730108552125,2104.1503200001443,2152.0274480001262,NVIDIA H100 80GB HBM3,
3900,70,975,3,10,2354.884482500006,2369.0660300000445,2373.419950100053,10.117231349997118,2341.1147659999187,2373.9037190000545,NVIDIA H100 80GB HBM3,
3900,75,975,3,10,2365.6182088999685,2380.04635220002,2401.0366290199977,18.84588627910272,2334.4473279998965,2403.368881999995,NVIDIA H100 80GB HBM3,
3900,80,975,3,10,2549.8506292,2560.201954800016,2569.7380669800705,12.936603187713963,2521.636870999941,2570.7976350000763,NVIDIA H100 80GB HBM3,
3900,85,975,3,10,2813.8811649000218,2836.860167899931,2841.0876137899936,19.41433364030405,2774.436706000074,2841.5573300000005,NVIDIA H100 80GB HBM3,
3900,90,975,3,10,2812.4461419000227,2837.317850899956,2839.0002281900515,32.5664815062741,2729.6928890000345,2839.187159000062,NVIDIA H100 80GB HBM3,
3900,95,975,3,10,2935.57907710001,2949.263824999912,2989.802842699978,23.46771728494547,2911.3549129999683,2994.307177999985,NVIDIA H100 80GB HBM3,
3900,100,975,3,10,3110.5072729999965,3140.1061078999646,3193.095156890088,37.455909336760726,3063.815307999903,3198.982829000101,NVIDIA H100 80GB HBM3,
4000,5,1000,3,10,889.3654927999933,903.285745900007,905.3594341899156,11.360517170597186,873.2387980001022,905.5898439999056,NVIDIA H100 80GB HBM3,
4000,10,1000,3,10,1001.0885231000202,1014.5222196000988,1016.5151970601004,9.62989125874076,986.620536999908,1016.7366390001008,NVIDIA H100 80GB HBM3,
4000,15,1000,3,10,1156.6433323999945,1163.8314859999357,1167.6769366999224,7.023735488524282,1148.391548999825,1168.104208999921,NVIDIA H100 80GB HBM3,
4000,20,1000,3,10,1327.927257500005,1338.9064125000232,1351.7751214499071,12.018542758702726,1311.4770120000685,1353.2049779998945,NVIDIA H100 80GB HBM3,
4000,25,1000,3,10,1357.134995399997,1371.5216015001488,1376.3700954499768,11.63332047865596,1339.4360109998615,1376.9088169999577,NVIDIA H100 80GB HBM3,
4000,30,1000,3,10,1485.44830190001,1497.4367924000262,1502.9602828400289,10.754428867597174,1470.222700000022,1503.5740040000292,NVIDIA H100 80GB HBM3,
4000,35,1000,3,10,1497.6057585000035,1504.216808400065,1506.9032333399696,6.739133297518742,1483.01129399988,1507.201724999959,NVIDIA H100 80GB HBM3,
4000,40,1000,3,10,1760.5893724999987,1770.7335748001017,1787.5972142801015,13.66225483201959,1741.6209880000224,1789.4709520001015,NVIDIA H100 80GB HBM3,
4000,45,1000,3,10,1720.4157749999922,1731.9404552000606,1826.5046196199023,41.477856573085326,1699.63365600006,1837.0117489998847,NVIDIA H100 80GB HBM3,
4000,50,1000,3,10,1785.7403647999945,1789.662387199951,1791.2068806200364,3.2068738198308853,1781.6213030000654,1791.378491000046,NVIDIA H100 80GB HBM3,
4000,55,1000,3,10,2114.7286055000222,2121.364464400085,2124.3847227399738,5.536778777043918,2106.084418000137,2124.7203069999614,NVIDIA H100 80GB HBM3,
4000,60,1000,3,10,2138.723904199992,2337.60066530009,2338.660050529983,154.64229166836066,2000.999350999905,2338.777759999971,NVIDIA H100 80GB HBM3,
4000,65,1000,3,10,2298.4083154000023,2323.802404299932,2347.899104830035,24.98210692424805,2265.582994000056,2350.5765160000465,NVIDIA H100 80GB HBM3,
4000,70,1000,3,10,2517.549990500004,2526.748346399916,2529.78375984004,8.3057259235796,2506.341783000039,2530.121028000053,NVIDIA H100 80GB HBM3,
4000,75,1000,3,10,2367.647319899959,2377.518013599945,2380.85430315995,8.407804302112645,2357.316773999969,2381.225001999951,NVIDIA H100 80GB HBM3,
4000,80,1000,3,10,2596.1033625000027,2656.330817199978,2670.0401984199834,61.727068010094605,2500.497387999985,2671.563462999984,NVIDIA H100 80GB HBM3,
4000,85,1000,3,10,2642.290772000013,2668.7940325000795,2678.5997750500464,29.5549356470404,2591.837485000042,2679.6893020000425,NVIDIA H100 80GB HBM3,
4000,90,1000,3,10,2999.2293327999955,3009.985315999961,3027.3705403999634,13.455647149796146,2985.4677060000085,3029.302231999964,NVIDIA H100 80GB HBM3,
4000,95,1000,3,10,3214.121056000022,3228.426267999976,3228.45191260006,10.233451472596386,3199.758288999988,3228.4547620000694,NVIDIA H100 80GB HBM3,
4000,100,1000,3,10,3255.793178299996,3268.90601650008,3275.771969350048,11.498449507166654,3243.10123500004,3276.534853000044,NVIDIA H100 80GB HBM3,
4100,5,1025,3,10,828.1773591999809,830.1874993001775,831.1167742299926,2.102171534747331,823.6360119999517,831.2200269999721,NVIDIA H100 80GB HBM3,
4100,10,1025,3,10,1093.4860726999946,1107.9131433000327,1109.5213683299728,12.583906194359384,1074.595108999972,1109.700059999966,NVIDIA H100 80GB HBM3,
4100,15,1025,3,10,1194.14738450007,1205.8419702999572,1214.6688667300964,9.921111210706394,1184.5166810001049,1215.649633000112,NVIDIA H100 80GB HBM3,
4100,20,1025,3,10,1119.9252428999898,1122.621781699968,1128.1293823700455,3.939948956845125,1113.7619789999462,1128.7413380000544,NVIDIA H100 80GB HBM3,
4100,25,1025,3,10,1337.056795400008,1367.8556368000727,1416.4773350798555,39.579218931245,1285.3725869999837,1421.8797459998314,NVIDIA H100 80GB HBM3,
4100,30,1025,3,10,1648.5767371000518,1660.976661400082,1662.1402863399635,10.08008669749533,1633.2788219999657,1662.2695779999503,NVIDIA H100 80GB HBM3,
4100,35,1025,3,10,1592.6461274000303,1597.8596145000663,1600.692018450104,5.28820562402476,1585.4087700001855,1601.0067300001083,NVIDIA H100 80GB HBM3,
4100,40,1025,3,10,1773.8723323000384,1786.540755200167,1787.2858920200588,13.624154221506137,1744.8808080000615,1787.3686850000468,NVIDIA H100 80GB HBM3,
4100,45,1025,3,10,1705.0218535999986,1716.2941541998634,1721.88846942008,10.964982626623245,1682.1989190000295,1722.5100600001042,NVIDIA H100 80GB HBM3,
4100,50,1025,3,10,2167.394176799985,2198.0347043999927,2290.6032167399394,50.73544478841542,2122.084803000007,2300.888606999933,NVIDIA H100 80GB HBM3,
4100,55,1025,3,10,2293.2093458999816,2355.7987875999743,2364.665092959947,38.73063329811989,2253.920896999944,2365.650237999944,NVIDIA H100 80GB HBM3,
4100,60,1025,3,10,2047.2729247999955,2081.6785403999347,2195.748559439972,58.51315602577414,2014.045574000079,2208.423005999975,NVIDIA H100 80GB HBM3,
4100,65,1025,3,10,2427.0459060999992,2438.7702033000096,2565.484062329972,54.79891605588294,2389.7850630000903,2579.563379999968,NVIDIA H100 80GB HBM3,
4100,70,1025,3,10,2544.533072100012,2556.039929500025,2565.717829750056,10.558396420126822,2532.312810000008,2566.79315200006,NVIDIA H100 80GB HBM3,
4100,75,1025,3,10,2651.4202167999883,2667.814556099995,2670.259258409989,12.911475743766903,2631.0572579999416,2670.530891999988,NVIDIA H100 80GB HBM3,
4100,80,1025,3,10,2827.5894408,2842.091229300001,2842.9276377300007,8.914237757999308,2816.4970139999923,2843.0205720000004,NVIDIA H100 80GB HBM3,
4100,85,1025,3,10,2828.2542418999924,2839.3931850999597,2846.946516909915,14.499821111543664,2794.7460150001007,2847.7857759999097,NVIDIA H100 80GB HBM3,
4100,90,1025,3,10,2823.880806,2861.673152900005,2877.912842090083,38.51528529138364,2775.3517209999927,2879.717252000092,NVIDIA H100 80GB HBM3,
4100,95,1025,3,10,3215.3234431999977,3228.1904868999845,3241.541918589965,13.202332017684205,3197.831707999967,3243.0254109999623,NVIDIA H100 80GB HBM3,
4100,100,1025,3,10,3329.6702662999683,3349.302337099926,3354.4008910099888,18.947077590674212,3300.746770999922,3354.967396999996,NVIDIA H100 80GB HBM3,
4200,5,1050,3,10,899.9417947999746,923.7157393000416,966.6802639298658,27.627441746321423,876.9350569998551,971.4540999998462,NVIDIA H100 80GB HBM3,
4200,10,1050,3,10,1093.8731098999824,1140.318225100009,1148.0898762098468,30.41759518175155,1061.5030809999553,1148.9533929998288,NVIDIA H100 80GB HBM3,
4200,15,1050,3,10,1217.2806707999823,1224.0562456001044,1231.1832136600196,8.770986967595867,1205.1849689999017,1231.9750990000102,NVIDIA H100 80GB HBM3,
4200,20,1050,3,10,1382.748149300005,1386.7254901999331,1389.7336536199143,3.699130843485636,1377.9387380000117,1390.0678939999125,NVIDIA H100 80GB HBM3,
4200,25,1050,3,10,1250.8498835000182,1275.7031976999542,1279.3194402700124,15.536354264645365,1235.6976559999566,1279.7212450000188,NVIDIA H100 80GB HBM3,
4200,30,1050,3,10,1577.5229109000293,1597.4569000999509,1617.1873912101682,21.573994419977264,1543.2754890000524,1619.3796680001924,NVIDIA H100 80GB HBM3,
4200,35,1050,3,10,1786.5399827999906,1804.9152923999368,1808.4827138400624,16.944814592340812,1754.173359999868,1808.8790940000763,NVIDIA H100 80GB HBM3,
4200,40,1050,3,10,1873.318606000044,1883.783773199957,1887.7387213200427,11.209507970412792,1857.8924890000508,1888.178160000052,NVIDIA H100 80GB HBM3,
4200,45,1050,3,10,2198.912817899964,2219.817604600121,2493.4486747598567,115.3994386273113,2127.5596099999348,2523.852126999828,NVIDIA H100 80GB HBM3,
4200,50,1050,3,10,2179.687040199974,2302.209710500142,2315.594332749968,98.63755745009544,2059.1068429998813,2317.081512999948,NVIDIA H100 80GB HBM3,
4200,55,1050,3,10,2002.664755399985,2008.9484726999103,2127.949709370036,48.89388073358949,1980.2346970000144,2141.1720690000493,NVIDIA H100 80GB HBM3,
4200,60,1050,3,10,2276.511925900013,2305.6081409000058,2308.9664972899927,25.993360148693,2236.4804820000472,2309.339647999991,NVIDIA H100 80GB HBM3,
4200,65,1050,3,10,2224.1251142000124,2226.7466740000486,2227.652853399988,2.4273572086053994,2220.7840629999964,2227.7535399999806,NVIDIA H100 80GB HBM3,
4200,70,1050,3,10,2601.940460500009,2612.751962700065,2613.226628370004,9.166842417996346,2587.150941999994,2613.279368999997,NVIDIA H100 80GB HBM3,
4200,75,1050,3,10,2474.64424389998,2489.395998500004,2494.678150249995,13.508750091799085,2446.0206669999707,2495.265055999994,NVIDIA H100 80GB HBM3,
4200,80,1050,3,10,2762.3055006999957,2799.5399668999426,2829.4867514899806,32.77264506189455,2714.32030699998,2832.814171999985,NVIDIA H100 80GB HBM3,
4200,85,1050,3,10,2970.895451699994,3014.9790278999603,3053.8594887899685,44.5116593711138,2908.878740999967,3058.179539999969,NVIDIA H100 80GB HBM3,
4200,90,1050,3,10,2904.372154700058,2943.5325151999905,3019.9684989199,48.271701673044106,2849.7613040001397,3028.46138599989,NVIDIA H100 80GB HBM3,
4200,95,1050,3,10,3073.1180776999736,3083.431966599994,3087.760481860054,11.162288589780532,3048.485831999983,3088.2414280000603,NVIDIA H100 80GB HBM3,
4200,100,1050,3,10,3074.151436800014,3084.4888949000165,3091.4623460900443,11.241402610088912,3055.336312999998,3092.237174000047,NVIDIA H100 80GB HBM3,
4300,5,1075,3,10,928.11134829999,985.2194915999008,1014.0611016600042,45.50541605945507,889.9149920000582,1017.2657250000155,NVIDIA H100 80GB HBM3,
4300,10,1075,3,10,1010.8177876999888,1014.0931032000708,1016.6348848198982,3.203330211076656,1006.0645160001512,1016.917304999879,NVIDIA H100 80GB HBM3,
4300,15,1075,3,10,1211.1709970999982,1231.6611521000596,1263.255324409943,27.06449880357289,1178.109319000214,1266.7657879999297,NVIDIA H100 80GB HBM3,
4300,20,1075,3,10,1410.972148899987,1422.9912953999246,1426.4689040398937,10.53743207734162,1394.4072050001068,1426.85530499989,NVIDIA H100 80GB HBM3,
4300,25,1075,3,10,1364.6681533999754,1371.6985563999517,1376.7477513398762,7.282613408764729,1352.9490169999008,1377.308772999868,NVIDIA H100 80GB HBM3,
4300,30,1075,3,10,1511.8639254999837,1529.7305271998994,1531.624802920005,12.372243200154724,1494.993169999816,1531.8352780000168,NVIDIA H100 80GB HBM3,
4300,35,1075,3,10,1573.1794837999814,1594.268402299895,1598.07744592998,12.70037836493162,1561.9727010000588,1598.5006729999895,NVIDIA H100 80GB HBM3,
4300,40,1075,3,10,2019.532004200028,2118.701438200037,2144.836259920105,76.62561899140718,1946.704800999896,2147.7401290001126,NVIDIA H100 80GB HBM3,
4300,45,1075,3,10,1800.8584856999732,1809.8849831999587,1810.8437818199056,5.956396828179875,1794.4325439998463,1810.9503149999,NVIDIA H100 80GB HBM3,
4300,50,1075,3,10,2090.5732808999915,2101.7532122000603,2102.7593877199274,10.232811130920828,2070.6995389999747,2102.8711849999127,NVIDIA H100 80GB HBM3,
4300,55,1075,3,10,2071.4670928999903,2080.05312279995,2087.628800079978,9.096013057445411,2057.873934999975,2088.470541999982,NVIDIA H100 80GB HBM3,
4300,60,1075,3,10,2436.622628100008,2444.563772000004,2449.8638855000163,8.513455357223949,2419.677680000063,2450.452787000017,NVIDIA H100 80GB HBM3,
4300,65,1075,3,10,2364.707173399996,2374.055077999992,2374.584955699961,9.311270831820044,2345.548450000024,2374.6438309999576,NVIDIA H100 80GB HBM3,
4300,70,1075,3,10,2651.093169099977,2675.42770089998,2712.3781261899503,32.806360585391936,2601.70365099998,2716.483728999947,NVIDIA H100 80GB HBM3,
4300,75,1075,3,10,2854.9402132000187,2873.955969400049,2885.545209640029,24.969745163672016,2794.6902319999936,2886.832903000027,NVIDIA H100 80GB HBM3,
4300,80,1075,3,10,2805.2023764999944,2835.511464699937,2843.298551169993,19.67366447902212,2780.709562000084,2844.163782999999,NVIDIA H100 80GB HBM3,
4300,85,1075,3,10,3125.6420589999952,3155.6486641000106,3167.21527051002,23.85730797324485,3088.8239980000662,3168.500449000021,NVIDIA H100 80GB HBM3,
4300,90,1075,3,10,2963.92484779999,3093.188620200033,3096.708630719954,113.70281728444829,2847.4912420000464,3097.0997429999443,NVIDIA H100 80GB HBM3,
4300,95,1075,3,10,3272.128964399996,3284.7228956999857,3294.884602469978,10.510791990567826,3262.8331969999635,3296.0136809999767,NVIDIA H100 80GB HBM3,
4300,100,1075,3,10,3111.1967618000112,3116.1155575000407,3121.8635240500125,5.590789492688467,3101.8015470000364,3122.502187000009,NVIDIA H100 80GB HBM3,
4400,5,1100,3,10,1050.7365885000129,1076.8177244000071,1083.5264473399411,21.78069178187759,1021.3857609999196,1084.2718609999338,NVIDIA H100 80GB HBM3,
4400,10,1100,3,10,997.9826158000152,1001.8353922999496,1006.1804615300002,4.759329082274585,991.4967919999071,1006.663247000006,NVIDIA H100 80GB HBM3,
4400,15,1100,3,10,1176.8423347999717,1191.3604966000094,1191.3641626599156,13.09025091314849,1160.4479079999237,1191.3645699999051,NVIDIA H100 80GB HBM3,
4400,20,1100,3,10,1385.1536352999346,1394.4788972998597,1398.2888643301249,9.173408306792828,1370.593117999988,1398.7121940001543,NVIDIA H100 80GB HBM3,
4400,25,1100,3,10,1567.3309452000012,1570.9337319000042,1572.0876975900046,3.326213277507609,1562.08054800004,1572.2159160000049,NVIDIA H100 80GB HBM3,
4400,30,1100,3,10,1413.84613740006,1419.0286994001326,1419.7488250400556,3.2451027488097286,1410.5446500000198,1419.828839000047,NVIDIA H100 80GB HBM3,
4400,35,1100,3,10,1764.471782999999,1795.3868347000252,1825.596438369996,31.804900506740896,1716.9998350000242,1828.9530609999929,NVIDIA H100 80GB HBM3,
4400,40,1100,3,10,2120.5581310000525,2148.9272779001567,2167.9777237901817,27.40574088112252,2089.847481000106,2170.0944400001845,NVIDIA H100 80GB HBM3,
4400,45,1100,3,10,2026.389799699973,2043.711657999984,2047.8838950998895,12.026536972553956,2013.179564999973,2048.3474769998797,NVIDIA H100 80GB HBM3,
4400,50,1100,3,10,2227.00660759997,2245.124171399857,2246.6466425398585,14.44772730050067,2208.2781009999053,2246.815805999858,NVIDIA H100 80GB HBM3,
4400,55,1100,3,10,2282.852032400001,2293.6276512000063,2298.5708236200107,10.371998482216885,2264.185129999987,2299.120065000011,NVIDIA H100 80GB HBM3,
4400,60,1100,3,10,2458.8536557000225,2471.622473300067,2485.501542230136,16.35599167324516,2431.4287380000223,2487.0436610001434,NVIDIA H100 80GB HBM3,
4400,65,1100,3,10,2395.834406799998,2409.1255647999446,2420.4171332799515,12.715739103610778,2379.6243950000644,2421.671751999952,NVIDIA H100 80GB HBM3,
4400,70,1100,3,10,2495.310803600012,2509.741608000081,2517.6476373000764,14.652138917197904,2467.516236999927,2518.526085000076,NVIDIA H100 80GB HBM3,
4400,75,1100,3,10,2567.20198710002,2631.6546338999274,2641.45538199004,45.15408612496217,2516.769103000001,2642.5443540000515,NVIDIA H100 80GB HBM3,
4400,80,1100,3,10,2994.401072399978,3130.4965699999684,3149.040515599959,82.18090077292833,2909.9149019999686,3151.1009539999577,NVIDIA H100 80GB HBM3,
4400,85,1100,3,10,3156.8783398999926,3168.359078399999,3183.359852339965,13.272111222202373,3140.739703999998,3185.026604999962,NVIDIA H100 80GB HBM3,
4400,90,1100,3,10,3205.212355899994,3230.710873700002,3331.6693684700126,50.77379862684499,3172.2264449999784,3342.886979000013,NVIDIA H100 80GB HBM3,
4400,95,1100,3,10,3431.541268699993,3468.4074880000026,3486.153559299962,37.71937076868636,3351.6147629999296,3488.1253449999576,NVIDIA H100 80GB HBM3,
4400,100,1100,3,10,3536.808446500004,3555.7799320999493,3575.7656056100086,17.748571863733847,3517.9596239999,3577.986236000015,NVIDIA H100 80GB HBM3,
4500,5,1125,3,10,1119.514761600044,1130.242800699989,1130.999565069942,7.561599289089867,1108.737721000125,1131.0836499999368,NVIDIA H100 80GB HBM3,
4500,10,1125,3,10,1218.7292886999785,1239.4631723999055,1244.496183539884,19.253095740457017,1186.0617780000666,1245.0554069998816,NVIDIA H100 80GB HBM3,
4500,15,1125,3,10,1137.821422800016,1142.3031814000296,1142.7920601400365,3.2872265838438497,1134.1236850000769,1142.8463800000372,NVIDIA H100 80GB HBM3,
4500,20,1125,3,10,1363.55211409998,1401.862138299953,1407.2529175300338,39.40804936953153,1311.6960429999835,1407.8518930000428,NVIDIA H100 80GB HBM3,
4500,25,1125,3,10,1510.2441722000094,1518.133676799971,1518.4165271800475,6.856831679416306,1496.799186000089,1518.447955000056,NVIDIA H100 80GB HBM3,
4500,30,1125,3,10,1650.1188338000472,1664.1707469000266,1668.5018727900117,14.959866057438838,1620.2520809999896,1668.9831090000098,NVIDIA H100 80GB HBM3,
4500,35,1125,3,10,1561.625283100011,1565.3216702999316,1566.4489011299588,3.446378822163567,1556.697819999954,1566.5741489999618,NVIDIA H100 80GB HBM3,
4500,40,1125,3,10,1936.5493526000137,1967.666046599993,1982.45034965996,27.764113281388692,1890.450625000085,1984.093049999956,NVIDIA H100 80GB HBM3,
4500,45,1125,3,10,1935.6819952000023,1973.456247099989,1987.9498128100408,29.280560836175816,1896.458197000129,1989.5602090000464,NVIDIA H100 80GB HBM3,
4500,50,1125,3,10,2127.2301438000454,2152.035748800165,2188.5892489801145,28.77018497678735,2095.402537000041,2192.6507490001086,NVIDIA H100 80GB HBM3,
4500,55,1125,3,10,2327.3447680000004,2337.488250700005,2338.421651769926,8.772774955930428,2312.260322000043,2338.525362999917,NVIDIA H100 80GB HBM3,
4500,60,1125,3,10,2371.713680300002,2413.29687690004,2480.817900989937,46.70552520756286,2329.174900999988,2488.3202369999253,NVIDIA H100 80GB HBM3,
4500,65,1125,3,10,2352.6174439999977,2360.011436699972,2361.508832670037,6.556771336049718,2341.6057520000777,2361.675210000044,NVIDIA H100 80GB HBM3,
4500,70,1125,3,10,2534.008051599972,2561.724563900009,2592.4530146899283,24.844795011813787,2515.2063019999105,2595.867286999919,NVIDIA H100 80GB HBM3,
4500,75,1125,3,10,2830.224553100016,2861.4267734999203,2867.59660425,27.40830491491159,2791.561050000041,2868.282141000009,NVIDIA H100 80GB HBM3,
4500,80,1125,3,10,2986.499961599975,3009.311897499947,3022.0742615499125,23.466276855039577,2955.0961449999704,3023.4923019999087,NVIDIA H100 80GB HBM3,
4500,85,1125,3,10,3218.7236212000016,3255.4372241999545,3269.351543520001,26.278638416006157,3194.9776249999786,3270.8975790000068,NVIDIA H100 80GB HBM3,
4500,90,1125,3,10,3433.719488099996,3458.768916300005,3461.905101029963,20.948385564670087,3404.4305679999525,3462.2535659999585,NVIDIA H100 80GB HBM3,
4500,95,1125,3,10,3428.414339599999,3515.436238800009,3519.118165080044,57.26626927237676,3343.337890000043,3519.527268000047,NVIDIA H100 80GB HBM3,
4500,100,1125,3,10,3571.8030132000304,3588.2462611999813,3589.331217320001,15.126603249727124,3551.7812079999658,3589.4517680000035,NVIDIA H100 80GB HBM3,
4600,5,1150,3,10,1098.06726180002,1162.3599214000933,1170.7914333399412,49.49953824872703,1021.3045890000104,1171.7282679999244,NVIDIA H100 80GB HBM3,
4600,10,1150,3,10,1104.7118516999944,1129.6534119998569,1138.2952938999483,20.09820759508653,1081.1011609998786,1139.2555029999585,NVIDIA H100 80GB HBM3,
4600,15,1150,3,10,1152.420733799977,1159.253605599929,1161.2609929600353,4.701383766339017,1146.3754139999764,1161.4840360000471,NVIDIA H100 80GB HBM3,
4600,20,1150,3,10,1484.6268348999956,1509.0447853999876,1516.2643996401152,19.60320943403477,1452.991222000037,1517.0665790001294,NVIDIA H100 80GB HBM3,
4600,25,1150,3,10,1582.513250900024,1589.1004342000542,1589.4877130200575,5.210880935655468,1574.1770459999316,1589.530744000058,NVIDIA H100 80GB HBM3,
4600,30,1150,3,10,1584.8370257000397,1594.7363083998653,1596.5167726400043,7.536272052080331,1574.4146640001873,1596.71460200002,NVIDIA H100 80GB HBM3,
4600,35,1150,3,10,1844.963402699955,1862.7593751999484,1879.4103605199189,21.24622498702936,1812.6738199998729,1881.260469999916,NVIDIA H100 80GB HBM3,
4600,40,1150,3,10,1817.4342419000136,1834.2738131000033,1837.836096710132,15.604849728660176,1792.9468020001875,1838.2319060001464,NVIDIA H100 80GB HBM3,
4600,45,1150,3,10,2157.11362579998,2165.125358999853,2170.956678599875,9.090374530394804,2143.107444999941,2171.604602999878,NVIDIA H100 80GB HBM3,
4600,50,1150,3,10,2171.853107499988,2266.549223300001,2270.8888574299763,137.58478203593904,1948.2713979999744,2271.3710389999733,NVIDIA H100 80GB HBM3,
4600,55,1150,3,10,2296.705565799982,2322.636290199955,2327.2390115199746,23.08280663028578,2261.043576999896,2327.7504249999765,NVIDIA H100 80GB HBM3,
4600,60,1150,3,10,2271.0442330999854,2282.005169499996,2282.8457591499787,6.98573667074929,2262.877720000006,2282.9391579999765,NVIDIA H100 80GB HBM3,
4600,65,1150,3,10,2450.894416099982,2465.1022667000234,2491.9161883699667,17.666415648611288,2427.796518999912,2494.8955129999604,NVIDIA H100 80GB HBM3,
4600,70,1150,3,10,2728.108267100015,2751.56373929999,2755.1129025300065,20.13700651375745,2690.5997009999965,2755.5072540000083,NVIDIA H100 80GB HBM3,
4600,75,1150,3,10,2675.081365999983,2683.383548800043,2697.0976652800664,11.75058089818934,2654.416562999927,2698.621456000069,NVIDIA H100 80GB HBM3,
4600,80,1150,3,10,3226.1941330999884,3234.390833999976,3238.2538454999885,8.40197104432215,3211.0992079999505,3238.6830689999897,NVIDIA H100 80GB HBM3,
4600,85,1150,3,10,3318.7900118999887,3333.697196699984,3338.820298470036,12.4013712225913,3299.4915599999786,3339.389532000041,NVIDIA H100 80GB HBM3,
4600,90,1150,3,10,3126.6605114999948,3285.074586199937,3288.886577420068,106.39021083438212,3025.297916999989,3289.3101320000824,NVIDIA H100 80GB HBM3,
4600,95,1150,3,10,3571.3482150000004,3606.596612700025,3627.968063370016,36.92572012975708,3523.643676000006,3630.342669000015,NVIDIA H100 80GB HBM3,
4600,100,1150,3,10,3779.876209700035,3826.215939899976,3828.9321606900808,44.924092856369,3714.572302000079,3829.233963000093,NVIDIA H100 80GB HBM3,
4700,5,1175,3,10,1114.329322000026,1120.3985317000388,1120.5306807700117,5.722047352750186,1102.138795999963,1120.5453640000087,NVIDIA H100 80GB HBM3,
4700,10,1175,3,10,1251.7464835000055,1257.9625810000834,1265.1106204000098,6.792363014649866,1240.1827149999465,1265.9048470000016,NVIDIA H100 80GB HBM3,
4700,15,1175,3,10,1438.2881875000294,1452.6712391999354,1455.44336051988,10.887028316492133,1426.2834969999858,1455.751373999874,NVIDIA H100 80GB HBM3,
4700,20,1175,3,10,1507.851086800042,1540.1044118000982,1558.0873254801031,28.708453764785943,1473.392229999945,1560.0854270001037,NVIDIA H100 80GB HBM3,
4700,25,1175,3,10,1479.9849729000698,1498.1370686000446,1507.6888040601716,14.541121872689914,1462.027679999892,1508.7501080001855,NVIDIA H100 80GB HBM3,
4700,30,1175,3,10,1723.3392497000066,1746.1468507998688,1748.5014057800208,15.64591102899395,1703.4186299999874,1748.7630230000375,NVIDIA H100 80GB HBM3,
4700,35,1175,3,10,1949.8950622999696,1970.9482688000664,1972.50017048008,14.203286331583197,1935.196789999964,1972.6726040000813,NVIDIA H100 80GB HBM3,
4700,40,1175,3,10,2010.893661600017,2033.1741631001023,2033.9001021100603,13.048703086605004,1996.095797999942,2033.980762000056,NVIDIA H100 80GB HBM3,
4700,45,1175,3,10,2110.6397003000216,2115.776235300109,2152.8984648301366,16.709090905395144,2099.61575300008,2157.02315700014,NVIDIA H100 80GB HBM3,
4700,50,1175,3,10,2154.230377899989,2204.857041999992,2221.1084121999343,32.41239046005908,2123.919742999988,2222.914119999928,NVIDIA H100 80GB HBM3,
4700,55,1175,3,10,2479.4698171000164,2512.005523599976,2512.822567359964,21.186893361398045,2447.8417960000343,2512.9133499999625,NVIDIA H100 80GB HBM3,
4700,60,1175,3,10,2306.385259100012,2327.3370184000555,2327.742596740008,14.955887039758634,2292.4110189999283,2327.787661000002,NVIDIA H100 80GB HBM3,
4700,65,1175,3,10,2703.770984800019,2716.2097489999383,2724.507008300051,13.650356296495296,2682.4782990000813,2725.4289260000637,NVIDIA H100 80GB HBM3,
4700,70,1175,3,10,2872.494939700016,2879.466732700041,2881.713354370037,7.382043775307944,2858.248658999969,2881.9629790000363,NVIDIA H100 80GB HBM3,
4700,75,1175,3,10,3093.3818400999944,3123.127959100032,3128.617921209985,30.399682081599085,3030.4713499999707,3129.22791699998,NVIDIA H100 80GB HBM3,
4700,80,1175,3,10,3197.8081308000133,3223.0801922999035,3234.8692506299244,22.99222690002892,3148.778574000062,3236.1791459999267,NVIDIA H100 80GB HBM3,
4700,85,1175,3,10,3400.5906347000064,3409.984834499994,3416.091598650047,9.33295029436554,3387.256934999982,3416.770128000053,NVIDIA H100 80GB HBM3,
4700,90,1175,3,10,3538.0315921000256,3547.184071100025,3553.2673501099944,8.356866291930881,3524.1618070000413,3553.9432699999907,NVIDIA H100 80GB HBM3,
4700,95,1175,3,10,3701.852770000005,3723.576693200016,3745.597233320018,22.487088036008583,3669.252889000063,3748.043960000018,NVIDIA H100 80GB HBM3,
4700,100,1175,3,10,3606.265928699997,3691.382651899994,3694.3150859900607,46.760081172158586,3560.984306000023,3694.640912000068,NVIDIA H100 80GB HBM3,
4800,5,1200,3,10,1044.9921378999989,1054.521039499923,1054.9129458499783,7.4562149835231715,1034.8989259998689,1054.9564909999845,NVIDIA H100 80GB HBM3,
4800,10,1200,3,10,1398.6756247999892,1409.964299299986,1421.423849630139,11.8047454793968,1384.0698100000282,1422.697133000156,NVIDIA H100 80GB HBM3,
4800,15,1200,3,10,1278.411719399992,1310.951442100145,1317.5651334100462,32.690650552963,1221.280527999852,1318.2999880000352,NVIDIA H100 80GB HBM3,
4800,20,1200,3,10,1482.3220586999696,1491.3889272999768,1493.2015720299614,7.427277687536997,1471.8289110001024,1493.4029769999595,NVIDIA H100 80GB HBM3,
4800,25,1200,3,10,1582.5787429999991,1595.940097700009,1612.6235032698671,15.48940438787351,1564.262570999972,1614.4772149998516,NVIDIA H100 80GB HBM3,
4800,30,1200,3,10,1786.3082077000174,1792.1672253999532,1793.3124471399697,5.712232596935759,1777.3415619999469,1793.4396939999715,NVIDIA H100 80GB HBM3,
4800,35,1200,3,10,1977.6356920999883,1984.716320900088,2004.2157011900556,10.640200361580243,1971.0846220000349,2006.382299000052,NVIDIA H100 80GB HBM3,
4800,40,1200,3,10,2053.2591448999938,2070.732726799952,2072.2306176798475,17.781041914463646,2022.596768999847,2072.397049999836,NVIDIA H100 80GB HBM3,
4800,45,1200,3,10,1927.394617799996,1952.882622700065,1954.425621670024,15.621088185845135,1910.067529999992,1954.5970660000196,NVIDIA H100 80GB HBM3,
4800,50,1200,3,10,2416.852409299963,2441.8013347999704,2496.348628580065,36.00704291104893,2378.816145999963,2502.4094390000755,NVIDIA H100 80GB HBM3,
4800,55,1200,3,10,2478.175489699993,2491.7300694999653,2492.0852909500186,11.224183798819302,2454.678037000008,2492.1247600000243,NVIDIA H100 80GB HBM3,
4800,60,1200,3,10,2759.7611647000003,2771.2394207000216,2771.916780770064,13.279892229707247,2734.039407999944,2771.9920430000684,NVIDIA H100 80GB HBM3,
4800,65,1200,3,10,2768.8222370000176,2785.3645018999828,2795.957284190005,14.225300859311655,2753.814979000026,2797.134260000007,NVIDIA H100 80GB HBM3,
4800,70,1200,3,10,3021.386930199992,3045.4654757999606,3052.5385399799165,24.082247016231037,2973.623016000033,3053.324435999912,NVIDIA H100 80GB HBM3,
4800,75,1200,3,10,2825.1677274000144,2834.543374000009,2839.236805599994,8.28953977149953,2812.871610000002,2839.7582979999925,NVIDIA H100 80GB HBM3,
4800,80,1200,3,10,3155.9119746000083,3172.1463591999736,3198.422072320016,19.553239630608843,3132.6784350000025,3201.34159600002,NVIDIA H100 80GB HBM3,
4800,85,1200,3,10,3198.268184599988,3207.7613185999667,3216.253339160004,9.67980748462568,3184.168509999949,3217.196897000008,NVIDIA H100 80GB HBM3,
4800,90,1200,3,10,3387.140614400016,3405.669891900027,3442.464043890069,28.557855632309124,3343.4587770000235,3446.5522830000737,NVIDIA H100 80GB HBM3,
4800,95,1200,3,10,3851.219584199976,3918.417707300011,3921.4537112299686,43.49844074216328,3806.30974099995,3921.791044999964,NVIDIA H100 80GB HBM3,
4800,100,1200,3,10,3970.1155711000174,3991.944057899957,4003.467262889996,22.232507652828176,3929.394788999957,4004.747619,NVIDIA H100 80GB HBM3,
4900,5,1225,3,10,1281.0677582999915,1310.6079482998894,1366.4071173299703,36.3487945924139,1252.16973900001,1372.607024999979,NVIDIA H100 80GB HBM3,
4900,10,1225,3,10,1284.5963192,1293.5133064001775,1297.6937925399602,8.72412304546452,1272.2846730000583,1298.158290999936,NVIDIA H100 80GB HBM3,
4900,15,1225,3,10,1288.6626866000142,1302.3479211998165,1303.812313719991,9.06031361029931,1275.4538439999124,1303.9750240000103,NVIDIA H100 80GB HBM3,
4900,20,1225,3,10,1525.9590702000423,1539.680640200072,1548.9048975200444,18.595673507716437,1490.156819000049,1549.9298150000411,NVIDIA H100 80GB HBM3,
4900,25,1225,3,10,1490.9871413000246,1532.5560475000884,1595.659004349866,46.35724539929002,1445.4919620000055,1602.6704439998412,NVIDIA H100 80GB HBM3,
4900,30,1225,3,10,1904.9998597000013,1914.820150699916,1916.400369169933,8.066570197691567,1890.8143559999644,1916.5759489999343,NVIDIA H100 80GB HBM3,
4900,35,1225,3,10,1928.9697915000256,1936.524553600134,1945.2616882599452,8.197756542150106,1918.643762999864,1946.2324809999243,NVIDIA H100 80GB HBM3,
4900,40,1225,3,10,2156.418973799987,2159.4295432999616,2161.2572540299266,3.434926114506328,2150.2262789999804,2161.4603329999227,NVIDIA H100 80GB HBM3,
4900,45,1225,3,10,2013.025021299996,2025.0509351000571,2028.032140910027,8.924174509596437,2000.5536309998888,2028.363386000024,NVIDIA H100 80GB HBM3,
4900,50,1225,3,10,2597.877438199976,2639.7089154999776,2663.6263970498885,53.00189524906614,2500.140723999948,2666.2838949998786,NVIDIA H100 80GB HBM3,
4900,55,1225,3,10,2531.953277599996,2556.2853107000024,2576.7869104699585,27.16866082397056,2494.366164999974,2579.0648659999533,NVIDIA H100 80GB HBM3,
4900,60,1225,3,10,2612.281787999996,2616.681283800017,2623.338315779979,5.5783681125177775,2605.4082229999267,2624.0779859999748,NVIDIA H100 80GB HBM3,
4900,65,1225,3,10,2816.2742920999904,2835.641160100022,2835.906136209981,15.64729683042407,2799.311477999936,2835.935577999976,NVIDIA H100 80GB HBM3,
4900,70,1225,3,10,3052.450054699989,3056.764417499994,3067.324156649993,6.993914692297235,3042.3509719998947,3068.4974609999927,NVIDIA H100 80GB HBM3,
4900,75,1225,3,10,3151.8498868000165,3193.417893500066,3236.2304718499686,49.267208406869294,3066.1298730000226,3240.987424999957,NVIDIA H100 80GB HBM3,
4900,80,1225,3,10,3250.350720899985,3265.7046028999616,3268.9908935899657,12.525678825517211,3235.8618920000026,3269.356036999966,NVIDIA H100 80GB HBM3,
4900,85,1225,3,10,3587.729674499996,3595.0737537000123,3595.3429547700443,5.745483096491871,3581.4122829999637,3595.372866000048,NVIDIA H100 80GB HBM3,
4900,90,1225,3,10,3236.6262969000104,3246.0138906,3247.5264246600195,9.119827265529205,3219.1647050000256,3247.694484000021,NVIDIA H100 80GB HBM3,
4900,95,1225,3,10,3886.3387990000097,3916.404001000012,3925.573686999993,32.56285437601597,3839.0702130000136,3926.592540999991,NVIDIA H100 80GB HBM3,
4900,100,1225,3,10,4038.466879200007,4058.607099199981,4082.754359120052,19.74849005238949,4019.879128000071,4085.4373880000594,NVIDIA H100 80GB HBM3,
5000,5,1250,3,10,1203.3100774000104,1211.6439349000077,1213.056152889983,7.649763181902976,1193.0067280000003,1213.2130659999802,NVIDIA H100 80GB HBM3,
5000,10,1250,3,10,1308.0446766000025,1323.2359569999971,1324.4797848999997,15.943484080716829,1283.1281819999276,1324.617988,NVIDIA H100 80GB HBM3,
5000,15,1250,3,10,1453.3166718999837,1459.1068329000336,1460.7422625899972,5.302407692083775,1442.8260149998096,1460.923976999993,NVIDIA H100 80GB HBM3,
5000,20,1250,3,10,1602.9399333000583,1643.0178921000788,1657.9203215100551,32.11061044876466,1555.021418000024,1659.5761470000523,NVIDIA H100 80GB HBM3,
5000,25,1250,3,10,1732.3307052000473,1738.830261500084,1741.07447585003,7.228780819804174,1718.7523650000005,1741.323833000024,NVIDIA H100 80GB HBM3,
5000,30,1250,3,10,1944.0637774999689,1951.448006499936,1952.907039249883,6.839894775089946,1933.4049819999564,1953.069153999877,NVIDIA H100 80GB HBM3,
5000,35,1250,3,10,1882.9472402000424,1897.0853530001025,1917.9922386999715,17.856803934384597,1854.502858999922,1920.315225999957,NVIDIA H100 80GB HBM3,
5000,40,1250,3,10,2007.3217690999847,2061.1681181001586,2170.736608309976,70.45422887492975,1955.1056519999293,2182.910884999956,NVIDIA H100 80GB HBM3,
5000,45,1250,3,10,2367.6423279000346,2377.430747700055,2391.0955748701235,11.335625784193454,2352.89358099999,2392.613889000131,NVIDIA H100 80GB HBM3,
5000,50,1250,3,10,2495.2439522999957,2572.6567914999805,2588.633932149935,67.06711574552808,2405.091131000063,2590.40916999993,NVIDIA H100 80GB HBM3,
5000,55,1250,3,10,2564.1231168999866,2576.7452334999234,2576.8693457499853,11.927843422067964,2544.1798059999883,2576.883135999992,NVIDIA H100 80GB HBM3,
5000,60,1250,3,10,2712.400466700001,2743.8485783000715,2766.967932830046,26.889218124601765,2683.0097170000045,2769.536750000043,NVIDIA H100 80GB HBM3,
5000,65,1250,3,10,2632.974098400018,2658.890413799952,2683.4082778800225,27.279164911878247,2601.843365000036,2686.13248500003,NVIDIA H100 80GB HBM3,
5000,70,1250,3,10,3136.328599499973,3141.5492975999314,3142.833800460008,4.967806221771795,3126.615453999989,3142.976523000016,NVIDIA H100 80GB HBM3,
5000,75,1250,3,10,3274.103181499981,3417.315132100066,3427.264144209996,86.5069055114595,3197.396099999992,3428.3695899999884,NVIDIA H100 80GB HBM3,
5000,80,1250,3,10,3144.188763300008,3152.531374900036,3160.018390390076,9.673020921975738,3126.6627139999628,3160.85028100008,NVIDIA H100 80GB HBM3,
5000,85,1250,3,10,3482.070707499997,3493.6829179999904,3500.122539499944,8.741388792999931,3472.636073000104,3500.8380529999386,NVIDIA H100 80GB HBM3,
5000,90,1250,3,10,3627.910950900002,3633.3888633000015,3633.745225230057,4.2635233781168544,3622.525849999988,3633.784821000063,NVIDIA H100 80GB HBM3,
5000,95,1250,3,10,3747.703797700002,3760.711210100044,3761.834656609942,11.313043263076809,3728.462623999917,3761.959483999931,NVIDIA H100 80GB HBM3,
5000,100,1250,3,10,4124.294927499989,4133.0224583000245,4139.006667830026,11.352896190736592,4096.742850999931,4139.671580000027,NVIDIA H100 80GB HBM3,
5100,5,1275,3,10,1076.4145863000067,1087.535858300021,1099.911364729949,11.655942892386689,1062.1748979999666,1101.286420999941,NVIDIA H100 80GB HBM3,
5100,10,1275,3,10,1346.4225901000418,1355.4027020001513,1441.083165499997,37.086711130941055,1324.5685859999412,1450.6032169999798,NVIDIA H100 80GB HBM3,
5100,15,1275,3,10,1408.272445499961,1422.037230499859,1437.7608654499204,14.048520454068532,1393.2923200000005,1439.5079359999272,NVIDIA H100 80GB HBM3,
5100,20,1275,3,10,1455.238514499979,1472.9437732999486,1481.5964711300285,14.118508655847382,1432.3425850000149,1482.5578820000374,NVIDIA H100 80GB HBM3,
5100,25,1275,3,10,1667.7701548000186,1676.2777542998947,1677.769258330111,7.9616447159696495,1651.0157750001326,1677.934981000135,NVIDIA H100 80GB HBM3,
5100,30,1275,3,10,1832.3439425000056,1877.719491900075,1878.7232916900189,46.44938657371735,1761.7368690000603,1878.8348250000129,NVIDIA H100 80GB HBM3,
5100,35,1275,3,10,2145.0902914999688,2210.4001719998905,2221.0038981999287,53.03804988759633,2081.165209000119,2222.182089999933,NVIDIA H100 80GB HBM3,
5100,40,1275,3,10,2250.011656899983,2264.228232499863,2282.005347049908,18.750434916145085,2211.636279000004,2283.980581999913,NVIDIA H100 80GB HBM3,
5100,45,1275,3,10,2367.401079899992,2372.5327174999397,2374.8088296499577,4.580059899948961,2361.5259299999707,2375.06173099996,NVIDIA H100 80GB HBM3,
5100,50,1275,3,10,2496.132728899999,2507.9492357999698,2548.2731806799848,21.202396362546448,2480.7174210000085,2552.7536189999864,NVIDIA H100 80GB HBM3,
5100,55,1275,3,10,2612.1649805999937,2626.256194499956,2631.8944951500453,11.616220928818093,2592.316653000012,2632.520973000055,NVIDIA H100 80GB HBM3,
5100,60,1275,3,10,2677.7240518000326,2687.1322274999898,2695.9348093500685,8.81594269201229,2668.3168000000705,2696.912874000077,NVIDIA H100 80GB HBM3,
5100,65,1275,3,10,3007.348137100007,3021.789367000065,3026.8642114000227,13.36684720352645,2980.5807049999657,3027.428083000018,NVIDIA H100 80GB HBM3,
5100,70,1275,3,10,3115.7018834000046,3145.4447684999423,3167.7463243499005,30.21257164743016,3064.028780000058,3170.224274999896,NVIDIA H100 80GB HBM3,
5100,75,1275,3,10,3138.623157699988,3165.867181099975,3188.6532433099524,36.04551432067892,3071.001142,3191.18502799995,NVIDIA H100 80GB HBM3,
5100,80,1275,3,10,3417.823818900001,3427.9383664999955,3450.7865508500427,14.815395230354946,3401.256530000069,3453.325238000048,NVIDIA H100 80GB HBM3,
5100,85,1275,3,10,3671.4960501999935,3697.0404400999314,3697.288017409901,21.47635663028142,3642.40935600003,3697.3155259998975,NVIDIA H100 80GB HBM3,
5100,90,1275,3,10,3788.133217100005,3848.658377499999,3875.05198854998,58.02120871423636,3694.360552000034,3877.9846119999775,NVIDIA H100 80GB HBM3,
5100,95,1275,3,10,3887.214285599998,3893.5839726000495,3907.937193660055,9.88524351416206,3871.952599999986,3909.531996000055,NVIDIA H100 80GB HBM3,
5100,100,1275,3,10,4144.527971799994,4153.077739599985,4154.84582866005,7.867413672924946,4129.564760999983,4155.042283000057,NVIDIA H100 80GB HBM3,
5200,5,1300,3,10,1142.2017719000678,1171.8426966999689,1175.8914387700995,21.349392598794772,1117.7626720000262,1176.3412990001143,NVIDIA H100 80GB HBM3,
5200,10,1300,3,10,1155.6357915000035,1168.50498350002,1198.2593574499538,18.6739319355742,1135.707678000017,1201.5653989999464,NVIDIA H100 80GB HBM3,
5200,15,1300,3,10,1447.4433104000127,1465.6863297999737,1477.868809180054,15.454994667612,1432.3606430000382,1479.222418000063,NVIDIA H100 80GB HBM3,
5200,20,1300,3,10,1825.201552899989,1913.9114113999997,1928.0126155400217,78.83438463600989,1713.1199039999956,1929.579416000024,NVIDIA H100 80GB HBM3,
5200,25,1300,3,10,1711.3566726000045,1715.7400652999968,1715.7629664301794,4.338699080251004,1705.1609709999411,1715.7655110001997,NVIDIA H100 80GB HBM3,
5200,30,1300,3,10,1859.1208776000028,1870.9146216998988,1883.4574044699752,15.0209986790072,1835.3943800000247,1884.851046999984,NVIDIA H100 80GB HBM3,
5200,35,1300,3,10,2047.788819099992,2058.710857199958,2067.915593519915,10.28721333679973,2031.6538540000693,2068.9383419999103,NVIDIA H100 80GB HBM3,
5200,40,1300,3,10,2073.0467094000346,2121.445122599914,2132.897061359987,31.91374469306486,2037.5524030000636,2134.169498999995,NVIDIA H100 80GB HBM3,
5200,45,1300,3,10,2333.8441462000105,2373.2045245000336,2378.238937749918,30.40522398485668,2289.0217169999687,2378.798316999905,NVIDIA H100 80GB HBM3,
5200,50,1300,3,10,2413.707758199996,2425.717849200032,2437.714623120005,16.377170640081378,2379.572369000016,2439.047598000002,NVIDIA H100 80GB HBM3,
5200,55,1300,3,10,2619.200752799975,2745.759444599935,2760.177182160012,72.02969533534369,2563.8418839999986,2761.7791530000204,NVIDIA H100 80GB HBM3,
5200,60,1300,3,10,2923.575875699987,3013.9705539999227,3015.36551170001,70.81787052704875,2859.6249629999875,3015.5205070000197,NVIDIA H100 80GB HBM3,
5200,65,1300,3,10,3060.2706910999814,3073.610608700062,3077.587195969956,10.590684372965876,3039.953359999913,3078.029038999944,NVIDIA H100 80GB HBM3,
5200,70,1300,3,10,2856.3732181999853,2873.146586799976,2882.230281579996,17.707776780148535,2827.6700650000066,2883.239580999998,NVIDIA H100 80GB HBM3,
5200,75,1300,3,10,3383.248906500012,3407.381528099984,3410.912902109996,19.80956237114008,3357.057068000018,3411.3052769999967,NVIDIA H100 80GB HBM3,
5200,80,1300,3,10,3455.286414499994,3470.3001412999697,3472.734809329997,10.336630675661809,3441.618919000007,3473.0053279999997,NVIDIA H100 80GB HBM3,
5200,85,1300,3,10,3763.228961700008,3851.535795300072,3896.121356730036,67.00235461895586,3679.549448999978,3901.0753080000313,NVIDIA H100 80GB HBM3,
5200,90,1300,3,10,3485.8273679000035,3493.290967699977,3493.656056570012,4.889857695755504,3479.970062999996,3493.696622000016,NVIDIA H100 80GB HBM3,
5200,95,1300,3,10,4139.830883999992,4159.085390899997,4163.116249790013,12.408380400665685,4129.367865999939,4163.564123000015,NVIDIA H100 80GB HBM3,
5200,100,1300,3,10,4320.642479300006,4352.517773900019,4362.0305021900695,26.881962413185143,4281.454363999956,4363.087472000075,NVIDIA H100 80GB HBM3,
5300,5,1325,3,10,1016.7709710999816,1022.6005017998888,1029.3291620800392,6.692553297578187,1007.7621820000786,1030.076791000056,NVIDIA H100 80GB HBM3,
5300,10,1325,3,10,1469.1266654999936,1477.8391374999956,1478.660927049982,7.738267146657349,1458.85999799998,1478.7522369999806,NVIDIA H100 80GB HBM3,
5300,15,1325,3,10,1266.1218852999357,1271.4340831998245,1276.777776319857,6.575515659176096,1254.0423560001273,1277.3715199998603,NVIDIA H100 80GB HBM3,
5300,20,1325,3,10,1669.6105424000275,1681.3503064999395,1684.0530861500088,12.601723812194791,1646.520854000073,1684.3533950000165,NVIDIA H100 80GB HBM3,
5300,25,1325,3,10,1660.5427275000009,1686.150995199796,1689.854397819886,25.27794458082845,1611.6811350000262,1690.265886999896,NVIDIA H100 80GB HBM3,
5300,30,1325,3,10,1935.4211766999924,1942.151114200033,1951.3266014199007,8.659229617255708,1920.1241810001195,1952.346099999886,NVIDIA H100 80GB HBM3,
5300,35,1325,3,10,1923.247297200021,1931.7704872000263,1968.4880156200336,18.408756207808167,1907.7639140000429,1972.5677410000344,NVIDIA H100 80GB HBM3,
5300,40,1325,3,10,2129.0464546000067,2145.313755899906,2184.1062345900127,24.47789835636352,2092.9235799999333,2188.4165100000246,NVIDIA H100 80GB HBM3,
5300,45,1325,3,10,2183.209281100005,2197.728144600024,2224.691988360023,17.00448783948342,2170.956959000023,2227.687971000023,NVIDIA H100 80GB HBM3,
5300,50,1325,3,10,2659.5078564999653,2670.9184656999582,2671.5383319699745,7.401804586417676,2650.396263999937,2671.607205999976,NVIDIA H100 80GB HBM3,
5300,55,1325,3,10,2710.733747999996,2728.2432856000355,2729.261363259915,14.212434716009623,2686.2295680000443,2729.3744829999014,NVIDIA H100 80GB HBM3,
5300,60,1325,3,10,2755.0546681999776,2765.8500280999874,2775.353200009944,11.578324688137448,2734.8217630000136,2776.409107999939,NVIDIA H100 80GB HBM3,
5300,65,1325,3,10,3170.190555399984,3212.8481948000517,3269.791403780031,48.68409461509232,3126.19323499996,3276.1184270000285,NVIDIA H100 80GB HBM3,
5300,70,1325,3,10,3259.9333645000006,3293.609156000059,3297.0153518000475,35.70516957664062,3196.9899609999857,3297.393818000046,NVIDIA H100 80GB HBM3,
5300,75,1325,3,10,3406.9924039999933,3423.805518500035,3428.606141450012,19.22941097198096,3367.9289440000275,3429.1395440000088,NVIDIA H100 80GB HBM3,
5300,80,1325,3,10,3730.1502119999896,3742.936136699996,3753.1806092699862,12.78026486949402,3715.106803000026,3754.3188839999857,NVIDIA H100 80GB HBM3,
5300,85,1325,3,10,3478.209395700004,3492.815345599979,3500.5371047599738,16.980829132293476,3439.1488819999267,3501.395077999973,NVIDIA H100 80GB HBM3,
5300,90,1325,3,10,4088.532512499967,4103.158984799949,4136.768572380037,20.30744662525325,4068.813451999972,4140.502971000046,NVIDIA H100 80GB HBM3,
5300,95,1325,3,10,4056.551476900006,4230.30450609998,4250.524293909929,145.02052128191957,3863.317408000057,4252.770936999923,NVIDIA H100 80GB HBM3,
5300,100,1325,3,10,4243.438335699977,4249.852463900022,4261.091407490033,9.77653394260948,4229.780931999926,4262.340179000034,NVIDIA H100 80GB HBM3,
5400,5,1350,3,10,1345.142382600011,1352.7809830998876,1357.8281506100734,9.490132872630516,1326.2679829999795,1358.388947000094,NVIDIA H100 80GB HBM3,
5400,10,1350,3,10,1340.395831200044,1347.7992824999546,1348.5132043499198,6.469230324418725,1328.2203559999743,1348.592528999916,NVIDIA H100 80GB HBM3,
5400,15,1350,3,10,1605.6842364999738,1611.906359700015,1618.8432620698904,5.884149194964968,1600.307305999877,1619.6140289998766,NVIDIA H100 80GB HBM3,
5400,20,1350,3,10,1484.5193434000066,1487.0551730000216,1492.7922571998783,3.385620165906944,1482.0393630000126,1493.4297109998624,NVIDIA H100 80GB HBM3,
5400,25,1350,3,10,1667.396930800055,1726.8446435999977,1729.9152612599437,44.363162780703966,1629.1409949999434,1730.2564409999377,NVIDIA H100 80GB HBM3,
5400,30,1350,3,10,1923.9760198999647,1962.938677699913,1976.8082485698687,30.00539702598284,1884.6324669998469,1978.349311999864,NVIDIA H100 80GB HBM3,
5400,35,1350,3,10,2215.579747100037,2233.2600115999185,2235.4604705599536,13.231520690405825,2196.184457999834,2235.704965999957,NVIDIA H100 80GB HBM3,
5400,40,1350,3,10,2422.120317299982,2452.703173999907,2457.251145799978,23.646812433029982,2380.643634999842,2457.756475999986,NVIDIA H100 80GB HBM3,
5400,45,1350,3,10,2507.466937799984,2525.040538999963,2527.382257100043,14.846942188914324,2478.771026000004,2527.642448000051,NVIDIA H100 80GB HBM3,
5400,50,1350,3,10,2628.83166769999,2642.407379600047,2674.552817659968,18.406832172511937,2617.4431549999326,2678.1245329999592,NVIDIA H100 80GB HBM3,
5400,55,1350,3,10,2863.268649400004,2880.3954303000182,2898.898027830055,22.71238646975837,2824.9388420000514,2900.953872000059,NVIDIA H100 80GB HBM3,
5400,60,1350,3,10,2791.7930800000477,2821.8029497001226,2830.0351230700153,29.422394670030975,2747.5722609999593,2830.9498090000034,NVIDIA H100 80GB HBM3,
5400,65,1350,3,10,2853.481070699991,2861.3290909999137,2863.653321200026,6.32349816558146,2842.165730000034,2863.911569000038,NVIDIA H100 80GB HBM3,
5400,70,1350,3,10,3379.4571139999907,3427.251566899963,3478.536335390029,54.967015041287794,3280.892852000079,3484.234643000036,NVIDIA H100 80GB HBM3,
5400,75,1350,3,10,3550.120950500002,3555.477170199936,3561.9044408200184,6.396841596842879,3540.64980499993,3562.618582000028,NVIDIA H100 80GB HBM3,
5400,80,1350,3,10,3360.274045899996,3372.235792499987,3405.306743849999,18.453918259324876,3346.6864040000246,3408.981294,NVIDIA H100 80GB HBM3,
5400,85,1350,3,10,3870.674648500005,3901.300101299989,3917.7215334299967,28.46968653130566,3833.083445999932,3919.5461369999975,NVIDIA H100 80GB HBM3,
5400,90,1350,3,10,4060.935437100011,4073.0585598000175,4092.257575079947,16.49843223044918,4032.276980999995,4094.390798999939,NVIDIA H100 80GB HBM3,
5400,95,1350,3,10,4151.627544099983,4181.338159400036,4187.695261339964,22.096385291127525,4125.6578339999805,4188.401605999957,NVIDIA H100 80GB HBM3,
5400,100,1350,3,10,4331.061258000017,4346.223577000018,4352.263236699972,18.94448095533914,4295.434728000032,4352.934309999966,NVIDIA H100 80GB HBM3,
5500,5,1375,3,10,1164.929594499995,1222.9629308999392,1231.735432590153,33.97284863850268,1140.1561440000023,1232.710155000177,NVIDIA H100 80GB HBM3,
5500,10,1375,3,10,1501.7666703999566,1512.7520094998545,1515.0951086499708,9.478934085339128,1488.0632019999211,1515.3554529999838,NVIDIA H100 80GB HBM3,
5500,15,1375,3,10,1520.6404703999851,1523.3128651000015,1527.8881995100369,3.7570467826243976,1515.2923339999234,1528.3965700000408,NVIDIA H100 80GB HBM3,
5500,20,1375,3,10,1781.7137792999802,1793.1433814999082,1794.840991649969,11.576571109706151,1762.8378779998002,1795.0296149999758,NVIDIA H100 80GB HBM3,
5500,25,1375,3,10,1818.1276445000092,1836.3656840999283,1857.948167309878,19.977130100001773,1783.723572000099,1860.3462209998725,NVIDIA H100 80GB HBM3,
5500,30,1375,3,10,1867.1221561000268,1885.373646800008,1887.6717123801016,14.7798410621667,1847.9126070001255,1887.927053000112,NVIDIA H100 80GB HBM3,
5500,35,1375,3,10,2119.270484399976,2153.688052600023,2159.532077860124,22.89022162424772,2092.885382000077,2160.181414000135,NVIDIA H100 80GB HBM3,
5500,40,1375,3,10,2274.3506338000093,2300.620512399985,2302.789898139976,17.459838793227707,2252.321454000026,2303.0309409999745,NVIDIA H100 80GB HBM3,
5500,45,1375,3,10,2423.384825499977,2437.5437438999825,2439.081852090003,9.388177511749232,2411.60081299995,2439.252753000005,NVIDIA H100 80GB HBM3,
5500,50,1375,3,10,2619.058574399992,2648.4936334999475,2666.13270785007,31.54379201606425,2573.3964050000395,2668.0926050000835,NVIDIA H100 80GB HBM3,
5500,55,1375,3,10,2959.7653147000187,3006.792433499959,3007.6692625500505,39.31294026903866,2909.4273409999687,3007.7666880000606,NVIDIA H100 80GB HBM3,
5500,60,1375,3,10,2998.795150100011,3013.7316158999965,3034.3529676899902,17.08193499426636,2978.033718000006,3036.644228999989,NVIDIA H100 80GB HBM3,
5500,65,1375,3,10,2912.2673029000225,2927.4735327000485,2932.428267870063,13.529603872298354,2896.388739000031,2932.978794000064,NVIDIA H100 80GB HBM3,
5500,70,1375,3,10,3560.36133480003,3712.005901000032,3714.445183600064,129.45537071665984,3378.491208000014,3714.7162150000663,NVIDIA H100 80GB HBM3,
5500,75,1375,3,10,3827.631876800034,3985.903346000055,3988.067576900137,145.38999645394654,3618.370908999964,3988.308047000146,NVIDIA H100 80GB HBM3,
5500,80,1375,3,10,3445.348501100011,3458.350291900024,3482.031248590031,16.817617972774666,3427.909268000008,3484.662466000032,NVIDIA H100 80GB HBM3,
5500,85,1375,3,10,4021.479755399969,4063.8213394999866,4069.953383750019,40.1003051488274,3955.930255999988,4070.634722000023,NVIDIA H100 80GB HBM3,
5500,90,1375,3,10,4025.119770100003,4039.230333299986,4053.2136168299407,12.631673645673288,4010.4787430000215,4054.767314999936,NVIDIA H100 80GB HBM3,
5500,95,1375,3,10,4078.705505100004,4121.052513800004,4124.264105480017,37.34574158104397,4031.16860800003,4124.620949000018,NVIDIA H100 80GB HBM3,
5500,100,1375,3,10,4552.563987500002,4730.507896399979,5090.014776140023,239.85638555179517,4354.951995999954,5129.959985000028,NVIDIA H100 80GB HBM3,
5600,5,1400,3,10,1031.4392760999908,1038.543750799954,1045.8597258800546,7.312655423855242,1020.9302610001032,1046.6726120000658,NVIDIA H100 80GB HBM3,
5600,10,1400,3,10,1341.3078947000258,1351.5387199000315,1355.6112694901526,9.58178655480339,1329.5755430001464,1356.063775000166,NVIDIA H100 80GB HBM3,
5600,15,1400,3,10,1641.3311098000122,1675.6052489000012,1680.3449711899748,25.63460017636673,1615.1952790000903,1680.8716069999718,NVIDIA H100 80GB HBM3,
5600,20,1400,3,10,1818.5830396000024,1851.623039299966,1881.125882329934,33.81485771593644,1779.1835310001716,1884.4039759999305,NVIDIA H100 80GB HBM3,
5600,25,1400,3,10,1819.299554200052,1823.197693600173,1828.5480562600264,4.956125010497818,1812.2712620001948,1829.1425410000104,NVIDIA H100 80GB HBM3,
5600,30,1400,3,10,1956.070459500006,1972.4816743998645,1979.629141940129,17.855774962673536,1919.4538959998224,1980.4233050001585,NVIDIA H100 80GB HBM3,
5600,35,1400,3,10,2061.397842299993,2097.7026236999905,2126.652304770083,30.12079358352804,2036.460826999928,2129.868936000093,NVIDIA H100 80GB HBM3,
5600,40,1400,3,10,2158.1134214000144,2160.025190400017,2161.018885439911,1.6823962751167791,2155.9161900000845,2161.129295999899,NVIDIA H100 80GB HBM3,
5600,45,1400,3,10,2559.0795535000207,2574.06932330008,2578.2687140300427,12.891996932937086,2543.694798000047,2578.7353130000383,NVIDIA H100 80GB HBM3,
5600,50,1400,3,10,2746.897759400008,2778.860884499932,2828.9990137500536,34.081919636208085,2718.080437000026,2834.569917000067,NVIDIA H100 80GB HBM3,
5600,55,1400,3,10,2657.603617299992,2661.149382699932,2661.3766338699293,2.9377940466013155,2653.343178,2661.401883999929,NVIDIA H100 80GB HBM3,
5600,60,1400,3,10,2838.4216374999933,2850.4256107000288,2852.385370870008,9.157011973069784,2824.3348620000006,2852.603122000005,NVIDIA H100 80GB HBM3,
5600,65,1400,3,10,3270.879689300034,3282.8410791000465,3285.2120795100486,12.672367721693613,3247.64231000006,3285.4755240000486,NVIDIA H100 80GB HBM3,
5600,70,1400,3,10,3479.588213000011,3488.01166950002,3498.781595549988,9.353805434086016,3468.760723000059,3499.978253999984,NVIDIA H100 80GB HBM3,
5600,75,1400,3,10,3556.9595524999954,3633.0998695000176,3634.647289450003,62.13609695301555,3464.4153680000045,3634.819225000001,NVIDIA H100 80GB HBM3,
5600,80,1400,3,10,3817.5766424000017,3862.62458389997,3872.221155289999,30.35999780069214,3777.3293530000274,3873.287441000002,NVIDIA H100 80GB HBM3,
5600,85,1400,3,10,3861.7913993999873,3867.55957900001,3879.7992216999287,8.291039939344412,3854.093848000048,3881.15918199992,NVIDIA H100 80GB HBM3,
5600,90,1400,3,10,4151.616158399998,4165.646864899974,4169.320327490008,16.94141272707258,4115.423434000036,4169.728490000011,NVIDIA H100 80GB HBM3,
5600,95,1400,3,10,4287.534961999995,4297.063900399957,4303.72068613999,8.637877781959148,4276.197350000019,4304.460328999994,NVIDIA H100 80GB HBM3,
5600,100,1400,3,10,4712.191307400002,4733.362660900008,4739.174248089995,15.75591139998552,4690.959481999982,4739.819979999993,NVIDIA H100 80GB HBM3,
5700,5,1425,3,10,1259.182769500012,1275.2094074999832,1284.3574948499122,21.81989131796676,1209.2494380001426,1285.3739489999043,NVIDIA H100 80GB HBM3,
5700,10,1425,3,10,1305.173812899989,1329.2425827001125,1355.0983310699417,27.145352670423673,1274.173188000077,1357.971191999923,NVIDIA H100 80GB HBM3,
5700,15,1425,3,10,1394.1916376000108,1396.5405595999982,1396.5505193600166,2.056280771699546,1390.0732360000347,1396.5516260000186,NVIDIA H100 80GB HBM3,
5700,20,1425,3,10,1840.7613426000355,1851.5273568999876,1860.030752289904,9.678891558674009,1830.300490000127,1860.9755739998943,NVIDIA H100 80GB HBM3,
5700,25,1425,3,10,2005.976036500033,2022.272391100023,2024.5072062101008,13.477087024126115,1987.5437289999809,2024.7555190001092,NVIDIA H100 80GB HBM3,
5700,30,1425,3,10,2111.773428700008,2155.7458572999167,2229.127461429989,48.42900128457593,2079.325868000069,2237.280972999997,NVIDIA H100 80GB HBM3,
5700,35,1425,3,10,2011.859197499996,2027.2163161000208,2034.281752509976,12.91680384749239,1996.159369999987,2035.0668009999708,NVIDIA H100 80GB HBM3,
5700,40,1425,3,10,2220.5915698000013,2232.5040340000555,2273.78476869999,21.49441289024781,2204.029158999901,2278.3715169999823,NVIDIA H100 80GB HBM3,
5700,45,1425,3,10,2513.3513708000123,2522.2184089999814,2594.402328500033,31.8292917399195,2494.703231000017,2602.422764000039,NVIDIA H100 80GB HBM3,
5700,50,1425,3,10,2834.616001499978,2869.1953572999864,2890.2923119300453,37.887098939007984,2760.0647539999272,2892.636418000052,NVIDIA H100 80GB HBM3,
5700,55,1425,3,10,3013.584837999997,3056.6275441000244,3064.664697009971,41.44980824118078,2950.9354119999216,3065.557713999965,NVIDIA H100 80GB HBM3,
5700,60,1425,3,10,2944.222535700021,2958.594693600071,2959.3452606599976,13.510205532509012,2923.45243200009,2959.428656999989,NVIDIA H100 80GB HBM3,
5700,65,1425,3,10,2962.5036010000144,2990.51957920002,3001.7593919200035,25.58423318600308,2926.5757660000418,3003.008260000001,NVIDIA H100 80GB HBM3,
5700,70,1425,3,10,3387.4504912000025,3420.0888204000307,3432.662850539968,27.10497343907389,3349.495112,3434.0599649999604,NVIDIA H100 80GB HBM3,
5700,75,1425,3,10,3779.38901069997,3962.268806799932,3988.839299979956,135.44005475134918,3643.752364999955,3991.791576999958,NVIDIA H100 80GB HBM3,
5700,80,1425,3,10,3724.759218899987,3848.155909999912,3850.504059499937,73.9370746333013,3639.5894920000273,3850.7649649999394,NVIDIA H100 80GB HBM3,
5700,85,1425,3,10,4052.216102700004,4096.19777950005,4109.674903750048,68.98475235745138,3902.2256149999066,4111.172362000048,NVIDIA H100 80GB HBM3,
5700,90,1425,3,10,4247.064620999993,4274.202194000003,4280.010687800012,20.432405259746304,4221.040570000014,4280.656076000014,NVIDIA H100 80GB HBM3,
5700,95,1425,3,10,4554.629653600001,4597.712038699956,4616.573752970015,34.952574798648335,4507.633873000032,4618.669499000021,NVIDIA H100 80GB HBM3,
5700,100,1425,3,10,4589.668870899988,4605.550383199994,4625.934447919995,17.987687483770237,4569.653622999966,4628.199343999995,NVIDIA H100 80GB HBM3,
5800,5,1450,3,10,1254.5694851000007,1260.870305200115,1262.403968919989,5.65856843058891,1242.562057999976,1262.574375999975,NVIDIA H100 80GB HBM3,
5800,10,1450,3,10,1407.4528466000174,1434.609882200175,1452.0834549201663,25.596134799390967,1378.2391929998994,1454.0249630001654,NVIDIA H100 80GB HBM3,
5800,15,1450,3,10,1425.531598299949,1432.562516699841,1433.105959469824,7.115440687680047,1412.3095530001135,1433.1663419998222,NVIDIA H100 80GB HBM3,
5800,20,1450,3,10,1794.188050799994,1800.1823656000852,1801.0690936599167,5.063619388540171,1788.2938279999507,1801.167618999898,NVIDIA H100 80GB HBM3,
5800,25,1450,3,10,1766.2544284000207,1777.9973325000356,1779.4943380500854,7.828908158061037,1755.998100999932,1779.660672000091,NVIDIA H100 80GB HBM3,
5800,30,1450,3,10,1954.0633917999453,1960.0866091999703,1961.3211561201435,5.514924546446286,1946.6716169999927,1961.4583280001625,NVIDIA H100 80GB HBM3,
5800,35,1450,3,10,2376.428214599946,2384.218176499894,2401.393396250025,11.30160390347077,2359.578238999802,2403.30175400004,NVIDIA H100 80GB HBM3,
5800,40,1450,3,10,2468.289624199997,2479.033382999989,2493.0289274999373,11.856535915875606,2453.767870999968,2494.583987999931,NVIDIA H100 80GB HBM3,
5800,45,1450,3,10,2681.881204599995,2715.097974199909,2725.4430042199706,29.014702310405006,2625.7133180000665,2726.592451999977,NVIDIA H100 80GB HBM3,
5800,50,1450,3,10,2585.284363499988,2625.253843499945,2718.7952638499905,58.75590410896396,2510.39927599993,2729.188754999996,NVIDIA H100 80GB HBM3,
5800,55,1450,3,10,3053.4688314999926,3109.0941527000155,3115.480570970059,44.08302986298271,2984.0006099999528,3116.190173000064,NVIDIA H100 80GB HBM3,
5800,60,1450,3,10,2874.3083077999927,2923.9450610999484,2964.927740909909,40.19444261698664,2844.629798000028,2969.4813719999047,NVIDIA H100 80GB HBM3,
5800,65,1450,3,10,3382.007842100017,3405.1536417999955,3406.667659779977,21.0840226481874,3342.3322590000453,3406.8358839999746,NVIDIA H100 80GB HBM3,
5800,70,1450,3,10,3616.747923000002,3662.276796899948,3664.135122390018,58.65148816626998,3490.0444219999827,3664.341603000025,NVIDIA H100 80GB HBM3,
5800,75,1450,3,10,3787.5313120999863,3813.477984999986,3818.89299699998,19.13777382542911,3752.7331510000295,3819.4946649999792,NVIDIA H100 80GB HBM3,
5800,80,1450,3,10,3843.813218399976,3884.8890308000136,3912.4673583799495,40.40585064459346,3761.6376319999754,3915.5316169999423,NVIDIA H100 80GB HBM3,
5800,85,1450,3,10,3822.023646600008,3857.063627699972,3888.304985070045,39.62908058912405,3771.96480300006,3891.776247000053,NVIDIA H100 80GB HBM3,
5800,90,1450,3,10,4084.431271299997,4215.677287699941,4233.295708670053,115.37345168352525,3916.2111950000167,4235.253311000065,NVIDIA H100 80GB HBM3,
5800,95,1450,3,10,4594.511597999991,4627.477965099985,4633.577128209984,33.975834520775855,4537.24991300004,4634.254812999984,NVIDIA H100 80GB HBM3,
5800,100,1450,3,10,4464.209600100008,4514.531261200017,4581.06995211999,52.30671668512377,4407.192480999982,4588.463139999987,NVIDIA H100 80GB HBM3,
5900,5,1475,3,10,1214.242785200031,1222.2820050001246,1222.8875447999826,6.188679557072613,1203.8740940001844,1222.9548269999668,NVIDIA H100 80GB HBM3,
5900,10,1475,3,10,1446.955261800008,1458.9574022001898,1501.3986417201272,23.38408765952079,1418.9926429999105,1506.1143350001205,NVIDIA H100 80GB HBM3,
5900,15,1475,3,10,1419.9900527999944,1423.6830171999827,1423.9093733200525,3.45892984572204,1413.9559120001195,1423.9345240000605,NVIDIA H100 80GB HBM3,
5900,20,1475,3,10,1834.9156603999973,1853.6951901000973,1862.151347910094,14.102075465770328,1817.8960069999448,1863.0909210000937,NVIDIA H100 80GB HBM3,
5900,25,1475,3,10,2044.8659992999865,2065.318432800018,2081.766825780003,22.24072963965792,2011.1391590000949,2083.594425000001,NVIDIA H100 80GB HBM3,
5900,30,1475,3,10,2251.683831800005,2264.7082073001457,2276.086895329968,15.080379696507505,2224.609033999968,2277.351193999948,NVIDIA H100 80GB HBM3,
5900,35,1475,3,10,2485.517671099933,2528.1693533998578,2556.870135239872,36.90933223543731,2438.448628999822,2560.059110999873,NVIDIA H100 80GB HBM3,
5900,40,1475,3,10,2572.151243999974,2590.562225999952,2591.626881900001,18.363239567179573,2536.810134999996,2591.745177000007,NVIDIA H100 80GB HBM3,
5900,45,1475,3,10,2522.4166731999844,2544.5274037999525,2544.72297667995,18.53056039676619,2487.326424999992,2544.74470699995,NVIDIA H100 80GB HBM3,
5900,50,1475,3,10,2906.4298343000364,2947.900759100014,2984.4246643100328,40.05517722148355,2859.1474910000443,2988.4828760000346,NVIDIA H100 80GB HBM3,
5900,55,1475,3,10,3146.12467070001,3196.936563400004,3198.3701856399693,59.90195470123162,3003.9881040000864,3198.529476999965,NVIDIA H100 80GB HBM3,
5900,60,1475,3,10,3185.773307699992,3212.6298567999925,3216.849185679979,26.84640620971953,3144.032928000001,3217.317999999977,NVIDIA H100 80GB HBM3,
5900,65,1475,3,10,3179.3156404999995,3192.580338200014,3193.225861220078,9.470494430801168,3165.5776400000377,3193.297586000085,NVIDIA H100 80GB HBM3,
5900,70,1475,3,10,3257.996371699994,3269.069955899954,3269.612258190027,11.27752373215021,3232.555179999963,3269.672514000036,NVIDIA H100 80GB HBM3,
5900,75,1475,3,10,3774.739056400017,3808.913214599989,3811.234152960012,22.322759856070377,3747.471424999958,3811.492035000015,NVIDIA H100 80GB HBM3,
5900,80,1475,3,10,4044.5809935000057,4098.556884999994,4103.165817399986,32.968048515079204,4011.53994099991,4103.677920999985,NVIDIA H100 80GB HBM3,
5900,85,1475,3,10,3960.050386399985,3986.0021022999263,3986.625901930061,19.944387160757955,3917.6839899998863,3986.695213000075,NVIDIA H100 80GB HBM3,
5900,90,1475,3,10,4524.727665299992,4563.109255300003,4572.218606829979,41.37277579267069,4463.204902999905,4573.230756999976,NVIDIA H100 80GB HBM3,
5900,95,1475,3,10,4864.540388099982,4968.047525999958,5009.163231299971,110.86359953602864,4712.875081999982,5013.731642999972,NVIDIA H100 80GB HBM3,
5900,100,1475,3,10,4995.598714699997,5003.008994099992,5004.99721281004,7.12459257982178,4982.068799999979,5005.218126000045,NVIDIA H100 80GB HBM3,
6000,5,1500,3,10,1282.192748500006,1285.9811962000094,1291.5720446198702,5.972079648305229,1270.1058620000367,1292.1932499998547,NVIDIA H100 80GB HBM3,
6000,10,1500,3,10,1570.9761769000352,1582.0745628999248,1582.3095349898583,7.378882373946743,1563.061899000104,1582.3356429998512,NVIDIA H100 80GB HBM3,
6000,15,1500,3,10,1394.078648000027,1407.522132900158,1427.740137090091,14.03702902115018,1383.4160680000878,1429.9865820000832,NVIDIA H100 80GB HBM3,
6000,20,1500,3,10,1771.415483499982,1787.5783579999506,1790.2893307999352,12.163483055130085,1750.8288900000937,1790.5905499999335,NVIDIA H100 80GB HBM3,
6000,25,1500,3,10,1909.154217600053,1921.1364119999644,1923.4044282001448,10.427399211193888,1893.4840809999969,1923.6564300001648,NVIDIA H100 80GB HBM3,
6000,30,1500,3,10,2341.2564835999774,2517.450428300004,2622.290731429964,152.78104155815623,2191.6722089999894,2633.93965399996,NVIDIA H100 80GB HBM3,
6000,35,1500,3,10,2311.667303599984,2356.9642349999867,2365.102645199877,36.59389641876563,2258.1103470001835,2366.0069129998647,NVIDIA H100 80GB HBM3,
6000,40,1500,3,10,2585.8000093000096,2601.254035700037,2611.851822169996,12.834851279241766,2573.5909410000204,2613.029353999991,NVIDIA H100 80GB HBM3,
6000,45,1500,3,10,2673.776727900008,2686.059441299926,2696.644159230052,16.85995754461865,2635.2831850000484,2697.820239000066,NVIDIA H100 80GB HBM3,
6000,50,1500,3,10,2896.2842510000314,2905.818719600052,2910.8300972600705,9.810013914772268,2880.216805000032,2911.386917000073,NVIDIA H100 80GB HBM3,
6000,55,1500,3,10,3093.1316061999723,3111.2016522000204,3117.911329319993,12.14287497496943,3083.541385999979,3118.65684899999,NVIDIA H100 80GB HBM3,
6000,60,1500,3,10,3206.809234100024,3237.829921699995,3243.0356191700025,28.82426299770547,3148.104756000066,3243.614030000004,NVIDIA H100 80GB HBM3,
6000,65,1500,3,10,3504.6583993999884,3572.108538100076,3574.090139110032,66.38319288609559,3360.3910049999968,3574.3103170000268,NVIDIA H100 80GB HBM3,
6000,70,1500,3,10,3521.602304499981,3531.9803105999767,3533.111772059925,9.664167162919696,3506.9998339999984,3533.2374899999195,NVIDIA H100 80GB HBM3,
6000,75,1500,3,10,3967.168627900014,4378.056218700032,4431.273094770048,275.05427936988195,3766.341054999998,4437.18608100005,NVIDIA H100 80GB HBM3,
6000,80,1500,3,10,4405.437613700008,4464.607276699962,4495.226262470085,89.06167501023884,4192.555329000015,4498.628372000098,NVIDIA H100 80GB HBM3,
6000,85,1500,3,10,3883.376192600003,3898.8078895000112,3917.730595149988,16.88332694949614,3863.028634999978,3919.8331179999855,NVIDIA H100 80GB HBM3,
6000,90,1500,3,10,4623.798774099987,4633.755031699945,4636.537184869975,10.609727462163818,4598.180882999941,4636.846312999978,NVIDIA H100 80GB HBM3,
6000,95,1500,3,10,4406.807837500014,4441.110321299993,4456.206342329924,35.084078300231745,4355.257120000033,4457.8836779999165,NVIDIA H100 80GB HBM3,
6000,100,1500,3,10,5053.406307899996,5086.467917799996,5111.047212279993,33.26416223116808,5013.943773999983,5113.778244999992,NVIDIA H100 80GB HBM3,
6100,5,1525,3,10,1302.327609300005,1330.2749091001033,1331.2555850100102,20.452201030703485,1276.317582000047,1331.364549,NVIDIA H100 80GB HBM3,
6100,10,1525,3,10,1431.0901708999836,1473.619563199918,1511.5143861200977,36.19152059055623,1397.3374689999218,1515.7249220001177,NVIDIA H100 80GB HBM3,
6100,15,1525,3,10,1501.8052907000083,1516.3021292999474,1516.705066230115,13.374457320038486,1481.1378819999843,1516.749837000134,NVIDIA H100 80GB HBM3,
6100,20,1525,3,10,1604.4870286000105,1611.1065246999942,1611.7609941701107,6.0105928864747,1591.0858019999523,1611.8337130001237,NVIDIA H100 80GB HBM3,
6100,25,1525,3,10,2075.2072014000305,2082.1810906000565,2091.0296650600526,7.980123266856167,2063.6600670000007,2092.012840000052,NVIDIA H100 80GB HBM3,
6100,30,1525,3,10,1964.9559991000049,1974.160852399996,1974.6285739399789,8.427923813246482,1948.534335999966,1974.6805429999768,NVIDIA H100 80GB HBM3,
6100,35,1525,3,10,2395.491094900024,2434.6111347000374,2453.8065770699964,52.57969681726006,2265.948562999938,2455.939403999992,NVIDIA H100 80GB HBM3,
6100,40,1525,3,10,2607.6343115000213,2625.3428240000176,2726.3617957999986,49.39963411862432,2549.0306740000506,2737.5861259999965,NVIDIA H100 80GB HBM3,
6100,45,1525,3,10,2592.535119499985,2609.561262800026,2616.2374431800754,12.290908839573444,2581.518782999865,2616.979241000081,NVIDIA H100 80GB HBM3,
6100,50,1525,3,10,2853.9737234000195,2902.316627699952,3001.1539187700328,65.90801432418891,2787.398918000008,3012.1358400000418,NVIDIA H100 80GB HBM3,
6100,55,1525,3,10,3154.9498046000163,3177.0517046000464,3217.017133760038,28.783371461570542,3123.5108170000103,3221.457737000037,NVIDIA H100 80GB HBM3,
6100,60,1525,3,10,3430.836473099987,3468.593122499931,3472.5035473500307,26.136480095684853,3403.899915000011,3472.938039000041,NVIDIA H100 80GB HBM3,
6100,65,1525,3,10,3419.510969099986,3446.406578299957,3515.6434043299896,40.46193614687616,3376.277773999959,3523.336384999993,NVIDIA H100 80GB HBM3,
6100,70,1525,3,10,3751.431546900028,3799.5928183000046,3835.271198530021,44.58793895187662,3685.909921000075,3839.235463000023,NVIDIA H100 80GB HBM3,
6100,75,1525,3,10,3992.200320600011,4013.443240000015,4035.990869800002,20.71221213356316,3970.5970320000006,4038.496162000001,NVIDIA H100 80GB HBM3,
6100,80,1525,3,10,3708.1607199000073,3717.760983400069,3725.94640114001,8.34016576083279,3700.361262000001,3726.855892000003,NVIDIA H100 80GB HBM3,
6100,85,1525,3,10,4273.667757700019,4330.482918899992,4353.170151389999,43.660610023395385,4208.67467700009,4355.690955,NVIDIA H100 80GB HBM3,
6100,90,1525,3,10,4314.207689899996,4360.777579299991,4399.749865030011,41.26321997124131,4255.751163000014,4404.080119000014,NVIDIA H100 80GB HBM3,
6100,95,1525,3,10,4454.649666399996,4468.09559360002,4469.504561059977,10.95516500546244,4434.008982000023,4469.661112999973,NVIDIA H100 80GB HBM3,
6100,100,1525,3,10,4570.617667499993,4594.206963999983,4613.177609500004,29.10463027662199,4510.455563999984,4615.285459000006,NVIDIA H100 80GB HBM3,
6200,5,1550,3,10,1264.1423943999598,1272.293043199943,1292.946562519919,12.454136222667342,1251.474736000091,1295.2413979999164,NVIDIA H100 80GB HBM3,
6200,10,1550,3,10,1478.2015236000009,1497.9847147998726,1499.1914673798578,16.005526797598424,1458.8550739999846,1499.3255509998562,NVIDIA H100 80GB HBM3,
6200,15,1550,3,10,1624.0279441999746,1647.8413521999985,1652.3399723198531,18.84444546876168,1592.4238220000009,1652.839818999837,NVIDIA H100 80GB HBM3,
6200,20,1550,3,10,1681.532825199952,1688.0096030999084,1688.9835965099471,4.971431879279676,1672.2158289999245,1689.0918179999517,NVIDIA H100 80GB HBM3,
6200,25,1550,3,10,2124.960270499992,2144.6011183000564,2249.445123129915,49.349417624132855,2094.567611000002,2261.094456999899,NVIDIA H100 80GB HBM3,
6200,30,1550,3,10,2215.741479099984,2240.375264299837,2241.226366129981,17.624765761469515,2188.012582000056,2241.320932999997,NVIDIA H100 80GB HBM3,
6200,35,1550,3,10,2523.432943699982,2542.647136600021,2546.599252960034,18.071848742838664,2486.943831999952,2547.038377000036,NVIDIA H100 80GB HBM3,
6200,40,1550,3,10,2402.949658300008,2415.4626659999963,2459.956873200082,22.557493325130917,2390.692325000032,2464.9006740000914,NVIDIA H100 80GB HBM3,
6200,45,1550,3,10,2570.2508065000075,2574.8678642999835,2584.528842030053,5.99160432366327,2563.498633999984,2585.6022840000605,NVIDIA H100 80GB HBM3,
6200,50,1550,3,10,2778.4831283000017,2784.918540100034,2813.1482235100475,13.993025253070709,2768.9020319999145,2816.284855000049,NVIDIA H100 80GB HBM3,
6200,55,1550,3,10,3286.541384100019,3315.0245210000776,3322.403369899941,25.86637145934204,3251.143938000041,3323.2232419999264,NVIDIA H100 80GB HBM3,
6200,60,1550,3,10,3484.737425399988,3491.9962889000203,3493.911298189934,6.106827719603636,3473.860094999964,3494.124076999924,NVIDIA H100 80GB HBM3,
6200,65,1550,3,10,3663.3386744999934,3690.355368300084,3693.57190503006,26.336025847005452,3616.8542549999074,3693.929298000057,NVIDIA H100 80GB HBM3,
6200,70,1550,3,10,3505.1881408999748,3518.3124942000063,3526.245789719973,13.710859354536536,3483.827270000006,3527.127266999969,NVIDIA H100 80GB HBM3,
6200,75,1550,3,10,3989.896248699983,4053.447666800014,4053.490773380064,47.83703705524399,3903.476360000013,4053.4955630000695,NVIDIA H100 80GB HBM3,
6200,80,1550,3,10,3974.6873358999887,4020.8631831999583,4023.564016419985,46.46019303490765,3879.8263030000726,4023.8641089999874,NVIDIA H100 80GB HBM3,
6200,85,1550,3,10,4407.906084699994,4482.180130899928,4490.594523489963,83.46708943591747,4243.953069999975,4491.529455999967,NVIDIA H100 80GB HBM3,
6200,90,1550,3,10,4658.834552500001,4689.1625547999865,4708.369200279984,50.11123001464213,4535.839213000031,4710.503271999983,NVIDIA H100 80GB HBM3,
6200,95,1550,3,10,4821.466290099995,4850.36920290002,4855.693818090002,25.574689627239945,4777.102132999971,4856.285442,NVIDIA H100 80GB HBM3,
6200,100,1550,3,10,4967.425820400007,5031.932845399979,5057.161068140033,50.66824716559015,4889.786788000038,5059.964204000039,NVIDIA H100 80GB HBM3,
6300,5,1575,3,10,1317.1132684000668,1325.6327939001949,1332.650892290003,8.603846757978157,1306.1674479999965,1333.4306809999816,NVIDIA H100 80GB HBM3,
6300,10,1575,3,10,1590.76259440003,1604.8363952999125,1605.595878030033,14.45184511462061,1567.44135200006,1605.6802650000463,NVIDIA H100 80GB HBM3,
6300,15,1575,3,10,1760.6750024999883,1771.3988245999644,1780.433788160021,10.08090686219194,1748.6007270001664,1781.4376730000276,NVIDIA H100 80GB HBM3,
6300,20,1575,3,10,1723.0494418000037,1741.4674101999708,1762.5052502201083,18.97714377121823,1699.1798009999002,1764.8427880001236,NVIDIA H100 80GB HBM3,
6300,25,1575,3,10,2042.866617800041,2051.365575299974,2059.492801830081,9.150544765282698,2027.4690150001788,2060.395827000093,NVIDIA H100 80GB HBM3,
6300,30,1575,3,10,2370.7074064000385,2380.5113272000426,2381.7763868200177,8.515007716719065,2356.2002830001347,2381.916949000015,NVIDIA H100 80GB HBM3,
6300,35,1575,3,10,2407.5208891999864,2428.712629800043,2431.9494043800046,18.54979221752916,2379.3007539998143,2432.3090460000003,NVIDIA H100 80GB HBM3,
6300,40,1575,3,10,2664.153569799987,2721.354383399955,2728.1761013399264,61.61855322429097,2554.760013999953,2728.934069999923,NVIDIA H100 80GB HBM3,
6300,45,1575,3,10,2879.419048,2901.8950083999016,2913.138362439913,21.778385184704984,2836.560693000024,2914.3876239999145,NVIDIA H100 80GB HBM3,
6300,50,1575,3,10,2792.0488193999977,2806.571023299944,2825.1490318299466,14.188701659587052,2781.028892999984,2827.213254999947,NVIDIA H100 80GB HBM3,
6300,55,1575,3,10,3193.870639800013,3213.845030400023,3251.174426340009,27.970447170048985,3149.0703229999326,3255.3221370000074,NVIDIA H100 80GB HBM3,
6300,60,1575,3,10,3395.011525100005,3410.3687795000155,3436.0739634500437,18.531304975828885,3370.594025000059,3438.930095000046,NVIDIA H100 80GB HBM3,
6300,65,1575,3,10,3796.8414669000026,3816.8062770000006,3845.66303729993,24.39259764443292,3759.312991999991,3848.8693439999215,NVIDIA H100 80GB HBM3,
6300,70,1575,3,10,3681.057788099952,3702.010389399947,3707.8965573398864,25.375181212921987,3614.999399999988,3708.55057599988,NVIDIA H100 80GB HBM3,
6300,75,1575,3,10,4017.5682756000015,4060.6377448000217,4094.713025679993,41.81241788626116,3947.139386000004,4098.499167999989,NVIDIA H100 80GB HBM3,
6300,80,1575,3,10,4266.372925800011,4329.75826959999,4340.453708859933,52.2597532855926,4200.32528300004,4341.642090999926,NVIDIA H100 80GB HBM3,
6300,85,1575,3,10,4358.710931199994,4410.463495500027,4431.889927350004,48.83555288998464,4267.893366999999,4434.270642000001,NVIDIA H100 80GB HBM3,
6300,90,1575,3,10,4667.944198000009,4692.01762739998,4712.185423740003,21.11110989878422,4644.398482000042,4714.426290000006,NVIDIA H100 80GB HBM3,
6300,95,1575,3,10,4606.174894100007,4610.43522670003,4625.848584669991,8.069409616105673,4599.169410000002,4627.561179999986,NVIDIA H100 80GB HBM3,
6300,100,1575,3,10,5247.087817700009,5294.628865500044,5305.401731850043,36.628843640362376,5202.954217000013,5306.598717000043,NVIDIA H100 80GB HBM3,
6400,5,1600,3,10,1152.266337199967,1166.4546551000058,1168.1285695099996,10.010828067224844,1139.4483369999762,1168.314559999999,NVIDIA H100 80GB HBM3,
6400,10,1600,3,10,1386.9590390999974,1391.0674870999628,1392.9856732098915,3.8794029271076216,1380.5734309999025,1393.1988049998836,NVIDIA H100 80GB HBM3,
6400,15,1600,3,10,1495.770283099978,1502.119625299906,1506.4040660298383,5.7752049214134,1487.3645949999172,1506.8801149998308,NVIDIA H100 80GB HBM3,
6400,20,1600,3,10,1667.3861729999771,1698.0037628999526,1702.458105990072,20.861405934628213,1649.4115899999997,1702.9530330000853,NVIDIA H100 80GB HBM3,
6400,25,1600,3,10,1861.9127571999795,1914.1789152999763,1971.890526729951,47.63693306760258,1829.3388310000864,1978.302927999948,NVIDIA H100 80GB HBM3,
6400,30,1600,3,10,2372.929557300017,2375.9181834998344,2378.502938049928,3.248214044943503,2368.1835060001504,2378.7901329999386,NVIDIA H100 80GB HBM3,
6400,35,1600,3,10,2517.338285900008,2539.7131547000413,2539.9906420700167,13.242030635031236,2499.7505630000205,2540.0214740000138,NVIDIA H100 80GB HBM3,
6400,40,1600,3,10,2672.472765300006,2690.406943500011,2716.0405801500065,20.66404408007166,2652.134627999999,2718.888762000006,NVIDIA H100 80GB HBM3,
6400,45,1600,3,10,2797.601068100016,2809.4369329000074,2814.2105050900363,9.8035779851105,2782.0768420000377,2814.74090200004,NVIDIA H100 80GB HBM3,
6400,50,1600,3,10,2809.5652631000235,2828.1562776999863,2881.367661969973,31.022393322482937,2776.050895000026,2887.280037999972,NVIDIA H100 80GB HBM3,
6400,55,1600,3,10,3243.68959159998,3268.6563771000124,3269.6906264099666,18.35004153415574,3220.868051000025,3269.8055429999613,NVIDIA H100 80GB HBM3,
6400,60,1600,3,10,3523.397919000002,3533.404414900019,3533.9663758899405,9.79883386949702,3500.1659079999854,3534.028815999932,NVIDIA H100 80GB HBM3,
6400,65,1600,3,10,3699.6476983999737,3710.724330299911,3714.989282429946,10.200345654188668,3684.1492119999657,3715.4631659999495,NVIDIA H100 80GB HBM3,
6400,70,1600,3,10,3904.0448927000048,3924.6797081000864,3954.425468510039,23.7528797112095,3880.950371999916,3957.730553000033,NVIDIA H100 80GB HBM3,
6400,75,1600,3,10,4008.8677081999895,4035.696716000007,4041.129855800016,23.01372984974812,3973.3676890000415,4041.733538000017,NVIDIA H100 80GB HBM3,
6400,80,1600,3,10,4091.554067800002,4108.815620899964,4109.923222190018,13.498680804386153,4073.0655739999975,4110.046289000024,NVIDIA H100 80GB HBM3,
6400,85,1600,3,10,4325.918897700013,4359.243871000081,4361.347530099997,35.22608245833537,4261.371276999853,4361.581269999988,NVIDIA H100 80GB HBM3,
6400,90,1600,3,10,4879.7533842,4897.151933800001,4909.912599279972,16.572759128131572,4857.98838300002,4911.330450999969,NVIDIA H100 80GB HBM3,
6400,95,1600,3,10,4910.866732400001,4942.797248500016,4979.051499850003,32.04875516160048,4881.931253000004,4983.079750000002,NVIDIA H100 80GB HBM3,
6400,100,1600,3,10,5074.34319649999,5105.567501500036,5128.709723949992,37.0625221483925,5019.090923999955,5131.281081999987,NVIDIA H100 80GB HBM3,
6500,5,1625,3,10,1321.602766599949,1394.4480071000498,1437.1233358100494,58.57910712823125,1267.7531540000473,1441.8650390000494,NVIDIA H100 80GB HBM3,
6500,10,1625,3,10,1402.5989616999825,1404.0610633998767,1405.0757617400404,1.5444246515365987,1399.380844999996,1405.1885060000586,NVIDIA H100 80GB HBM3,
6500,15,1625,3,10,1566.7471413000158,1575.8507869999676,1578.7005533000115,7.7094226782949296,1554.9217360000966,1579.0171940000164,NVIDIA H100 80GB HBM3,
6500,20,1625,3,10,1983.5461835999977,2081.668532700024,2090.8416830699725,78.07184387680283,1890.6005840000264,2091.860921999966,NVIDIA H100 80GB HBM3,
6500,25,1625,3,10,2150.780462700027,2188.885585200024,2194.6878274201663,26.616822596519768,2108.9017709998643,2195.332521000182,NVIDIA H100 80GB HBM3,
6500,30,1625,3,10,2365.869530100008,2375.628966199997,2387.770470920043,11.217835907867444,2351.65748899999,2389.119527000048,NVIDIA H100 80GB HBM3,
6500,35,1625,3,10,2540.452503599988,2546.898712900065,2560.760987290016,10.035523553777349,2527.7430239999603,2562.3012400000107,NVIDIA H100 80GB HBM3,
6500,40,1625,3,10,2749.91594190002,2768.839506600034,2769.935433359972,13.757596800657002,2735.539595999967,2770.057202999965,NVIDIA H100 80GB HBM3,
6500,45,1625,3,10,2751.287945199965,2772.115406199964,2785.2164693200257,18.143748194653977,2725.513729999875,2786.6721430000325,NVIDIA H100 80GB HBM3,
6500,50,1625,3,10,3234.016373199995,3252.788923899982,3253.105325290052,14.687937193257294,3213.745345000006,3253.1404810000595,NVIDIA H100 80GB HBM3,
6500,55,1625,3,10,3444.619861700005,3460.162152800001,3465.392329279988,14.10127037338791,3418.5525100000405,3465.9734599999865,NVIDIA H100 80GB HBM3,
6500,60,1625,3,10,3385.2666412999947,3536.502228400002,3557.67631204,112.69788067998454,3277.620782999975,3560.028987999999,NVIDIA H100 80GB HBM3,
6500,65,1625,3,10,3569.1870337999944,3586.565802399969,3587.9761533399824,14.623615290312468,3550.0188309999885,3588.132858999984,NVIDIA H100 80GB HBM3,
6500,70,1625,3,10,3913.8996599000056,3926.2344893999625,3926.678745240024,11.388196918782588,3897.5737810000055,3926.728107000031,NVIDIA H100 80GB HBM3,
6500,75,1625,3,10,4241.391585799999,4263.011440799948,4278.123082679977,25.80071592810296,4185.88898400003,4279.802153999981,NVIDIA H100 80GB HBM3,
6500,80,1625,3,10,4249.5217173999945,4256.66543859997,4261.998151359957,6.8385123706715225,4241.359103999968,4262.590674999956,NVIDIA H100 80GB HBM3,
6500,85,1625,3,10,4511.419843999995,4536.536656899983,4562.421502089992,27.44105401495412,4478.530267999986,4565.297595999993,NVIDIA H100 80GB HBM3,
6500,90,1625,3,10,4821.596978099995,4871.2912368999805,4961.184776890001,66.58750404138792,4753.121088999989,4971.172948000003,NVIDIA H100 80GB HBM3,
6500,95,1625,3,10,5147.515848099999,5195.192976699951,5240.331487869963,53.51994282638583,5079.717214000028,5245.346877999964,NVIDIA H100 80GB HBM3,
6500,100,1625,3,10,5322.983485200001,5404.952100499969,5410.028909150012,78.50161168930815,5190.962550999984,5410.592999000017,NVIDIA H100 80GB HBM3,
6600,5,1650,3,10,1377.206397399982,1383.872139100049,1390.9108698100908,6.935090369113833,1368.6197540000649,1391.6929510000955,NVIDIA H100 80GB HBM3,
6600,10,1650,3,10,1529.6752231999562,1560.759007800084,1586.767198980017,27.03229211685583,1501.3252599999305,1589.6569980000097,NVIDIA H100 80GB HBM3,
6600,15,1650,3,10,1629.8989588000495,1640.4377350000914,1641.099253900063,9.043761576498268,1614.7834749999674,1641.17275600006,NVIDIA H100 80GB HBM3,
6600,20,1650,3,10,1963.5652662999744,1988.4458209999368,1989.4231831998943,18.04759359723939,1928.102286000012,1989.5317789998896,NVIDIA H100 80GB HBM3,
6600,25,1650,3,10,2218.100407900033,2225.666492300184,2226.278903330124,7.069124709154584,2203.342297999825,2226.346949000117,NVIDIA H100 80GB HBM3,
6600,30,1650,3,10,2453.9108627000583,2476.698238400104,2478.9231820399664,14.889440051658632,2436.1707760001536,2479.170397999951,NVIDIA H100 80GB HBM3,
6600,35,1650,3,10,2632.1609653999985,2645.3244592000374,2657.7224666199595,18.558420161949726,2587.958781999987,2659.100022999951,NVIDIA H100 80GB HBM3,
6600,40,1650,3,10,2837.9556511999795,2861.390757099946,2867.616142509932,18.130623616155347,2809.6142910000026,2868.30785199993,NVIDIA H100 80GB HBM3,
6600,45,1650,3,10,2968.0878486999977,2984.474565800054,2987.1600219799816,13.813470840870922,2948.540998999988,2987.458405999974,NVIDIA H100 80GB HBM3,
6600,50,1650,3,10,3270.150220100015,3292.593108600068,3317.8639227600024,23.20361720458061,3237.057082999968,3320.671790999995,NVIDIA H100 80GB HBM3,
6600,55,1650,3,10,3322.4443655999944,3339.151061900031,3343.92230128996,16.968381648312153,3295.453914999939,3344.4524389999515,NVIDIA H100 80GB HBM3,
6600,60,1650,3,10,3588.8076948000044,3614.4635552999935,3623.487986430012,28.29960403253776,3547.058055000093,3624.490701000013,NVIDIA H100 80GB HBM3,
6600,65,1650,3,10,3894.828029999996,3916.499984800009,3927.377197779971,20.75371805604,3865.969537999945,3928.585776999967,NVIDIA H100 80GB HBM3,
6600,70,1650,3,10,4114.146537400006,4141.968656700066,4150.956859770039,20.073079057067236,4094.842602999961,4151.955549000036,NVIDIA H100 80GB HBM3,
6600,75,1650,3,10,4327.730380799994,4348.375195199947,4355.463126119965,16.065602536014488,4309.543623999957,4356.250673999966,NVIDIA H100 80GB HBM3,
6600,80,1650,3,10,4507.810946400003,4566.222298400055,4592.391238940005,81.54686453466442,4343.862231999992,4595.298898999999,NVIDIA H100 80GB HBM3,
6600,85,1650,3,10,4532.489910300006,4563.309314999999,4565.394498000038,23.32990887512705,4492.841788999954,4565.626185000042,NVIDIA H100 80GB HBM3,
6600,90,1650,3,10,4853.382765799989,4892.616515800023,4961.421121779975,46.985990905841774,4811.94428699996,4969.066077999969,NVIDIA H100 80GB HBM3,
6600,95,1650,3,10,5081.782113100007,5097.633187699983,5145.859872470018,26.660354098583745,5059.679373999984,5151.218393000022,NVIDIA H100 80GB HBM3,
6600,100,1650,3,10,5001.755220400003,5029.73910099999,5042.961694900017,23.242664367848224,4967.744218000007,5044.430872000021,NVIDIA H100 80GB HBM3,
6700,5,1675,3,10,1527.04364909996,1545.3654049000534,1551.0914074899688,13.456469240924754,1512.861151999914,1551.7276299999594,NVIDIA H100 80GB HBM3,
6700,10,1675,3,10,1633.2057016000135,1639.262349800083,1643.0724423801255,5.965164085851125,1625.1666429998295,1643.4957860001305,NVIDIA H100 80GB HBM3,
6700,15,1675,3,10,1782.5146885000777,1796.8083717001264,1797.7495973700843,10.912458416473893,1768.1354310000188,1797.8541780000796,NVIDIA H100 80GB HBM3,
6700,20,1675,3,10,2004.423687199983,2020.586793700022,2124.0723426700742,47.19931223426562,1968.5910520001928,2135.57073700008,NVIDIA H100 80GB HBM3,
6700,25,1675,3,10,2259.7846083999457,2270.4312137998613,2278.4534521800674,12.810455303692647,2236.293500999864,2279.3448120000903,NVIDIA H100 80GB HBM3,
6700,30,1675,3,10,2375.018562100013,2401.679644800106,2427.214544880021,25.128978275791567,2349.0455260000545,2430.051756000012,NVIDIA H100 80GB HBM3,
6700,35,1675,3,10,2638.115720799999,2649.7492628999794,2659.4225250899776,11.061496425746965,2623.3691300000146,2660.497331999977,NVIDIA H100 80GB HBM3,
6700,40,1675,3,10,2951.5474154000003,2970.4242114000863,2971.2058646400124,11.953631896843774,2934.63726199991,2971.292715000004,NVIDIA H100 80GB HBM3,
6700,45,1675,3,10,3091.959302600003,3102.4140825000586,3108.0322789500383,12.165673654390384,3069.832863999977,3108.656523000036,NVIDIA H100 80GB HBM3,
6700,50,1675,3,10,3196.7382804999943,3216.5075294999724,3241.966303349934,21.815108266620104,3163.9171599999827,3244.79505599993,NVIDIA H100 80GB HBM3,
6700,55,1675,3,10,3327.8571730999947,3350.670287999924,3358.996213199939,19.49005138489505,3293.518128999949,3359.921315999941,NVIDIA H100 80GB HBM3,
6700,60,1675,3,10,3756.550661899985,3777.505830700022,3779.2885653700014,16.26426918411555,3729.702384999996,3779.486646999999,NVIDIA H100 80GB HBM3,
6700,65,1675,3,10,3585.219148299984,3594.120340999973,3596.5253524999835,11.238269952902751,3561.942722000026,3596.7925759999844,NVIDIA H100 80GB HBM3,
6700,70,1675,3,10,4178.053586699991,4193.795048499965,4217.443658650041,18.14827512086931,4155.395561999967,4220.071282000049,NVIDIA H100 80GB HBM3,
6700,75,1675,3,10,4466.219880700015,4509.256030399956,4535.949778039997,31.92267698779688,4441.974776000052,4538.915750000001,NVIDIA H100 80GB HBM3,
6700,80,1675,3,10,4651.701094399999,4675.457468099967,4702.761078510007,26.223643594977432,4610.038317999965,4705.794813000011,NVIDIA H100 80GB HBM3,
6700,85,1675,3,10,4473.917952699998,4480.352775399979,4482.793786539964,5.696018130554225,4464.200414999994,4483.065009999962,NVIDIA H100 80GB HBM3,
6700,90,1675,3,10,4795.7284157,4835.777070999984,4932.453738099962,59.74566000937665,4730.560776000175,4943.195589999959,NVIDIA H100 80GB HBM3,
6700,95,1675,3,10,5177.513120700002,5191.029090400025,5192.351475339966,12.103135954024292,5159.042772000021,5192.498406999959,NVIDIA H100 80GB HBM3,
6700,100,1675,3,10,5628.2794067,5642.062438100015,5694.558223010005,27.99044804436941,5600.542288999975,5700.391088000004,NVIDIA H100 80GB HBM3,
6800,5,1700,3,10,1252.242355300018,1256.9417549001628,1258.0792289899728,3.3862613041496834,1247.5172140000268,1258.2056149999516,NVIDIA H100 80GB HBM3,
6800,10,1700,3,10,1513.5499670999934,1536.4238895999051,1543.6335829599716,24.7017642313103,1474.6034889999464,1544.434659999979,NVIDIA H100 80GB HBM3,
6800,15,1700,3,10,1618.276079799989,1625.7577608000474,1626.9643756800156,8.01337330889182,1604.081515999951,1627.098444000012,NVIDIA H100 80GB HBM3,
6800,20,1700,3,10,1983.181392600045,1997.758524000119,2000.8753311000191,13.602442283641356,1960.9160039999551,2001.221643000008,NVIDIA H100 80GB HBM3,
6800,25,1700,3,10,2152.628917299944,2178.422480899917,2230.122479689985,32.51562990577519,2125.3590420001274,2235.8669239999927,NVIDIA H100 80GB HBM3,
6800,30,1700,3,10,2551.14433440001,2579.727198099999,2580.580355710136,26.54872715645527,2502.710707999995,2580.6751510001504,NVIDIA H100 80GB HBM3,
6800,35,1700,3,10,2723.9644938999963,2744.8817243999656,2752.7256461400134,19.88435634966262,2700.292085000001,2753.5971930000187,NVIDIA H100 80GB HBM3,
6800,40,1700,3,10,2903.4674720999988,2911.739703500018,2912.257589150005,7.537573562556743,2889.9684250000064,2912.315132000004,NVIDIA H100 80GB HBM3,
6800,45,1700,3,10,3188.878161400009,3217.095941600008,3217.4664485599296,19.26753826813123,3163.0710160000035,3217.5076159999207,NVIDIA H100 80GB HBM3,
6800,50,1700,3,10,3294.1119598000005,3308.387188600034,3309.0774835600328,11.016388244549187,3272.463903000016,3309.1541830000324,NVIDIA H100 80GB HBM3,
6800,55,1700,3,10,3616.833739100002,3648.394069999949,3655.083293000014,29.72712137997104,3554.4423239999787,3655.826540000021,NVIDIA H100 80GB HBM3,
6800,60,1700,3,10,3637.4837358999794,3652.587123199976,3657.403457720012,14.855558320387594,3619.612318999998,3657.938606000016,NVIDIA H100 80GB HBM3,
6800,65,1700,3,10,3903.7806586000106,3927.599468199969,3930.179303619964,20.71257928450936,3878.7054400000898,3930.465951999963,NVIDIA H100 80GB HBM3,
6800,70,1700,3,10,3854.48488020001,3869.524978000016,3894.329834800005,21.262824853374784,3819.673461999969,3897.085930000003,NVIDIA H100 80GB HBM3,
6800,75,1700,3,10,4513.45079460001,4563.248391800022,4571.461773979963,33.17156540106887,4467.63540500001,4572.374371999957,NVIDIA H100 80GB HBM3,
6800,80,1700,3,10,4746.270025500001,4808.605309399985,4835.892495439998,76.42525758775258,4596.3191480000205,4838.924405,NVIDIA H100 80GB HBM3,
6800,85,1700,3,10,4601.766392299994,4621.63174389998,4628.825758090012,15.584015363783005,4577.8320559999775,4629.625093000015,NVIDIA H100 80GB HBM3,
6800,90,1700,3,10,4937.726629100007,4966.867131200047,4996.080584720028,33.696505488235886,4890.593990000014,4999.3265240000255,NVIDIA H100 80GB HBM3,
6800,95,1700,3,10,5606.6273002,5640.58692759998,5643.181816059954,30.44461885755866,5557.380874999979,5643.470136999951,NVIDIA H100 80GB HBM3,
6800,100,1700,3,10,5593.106886599997,5625.6740757999805,5647.533876280001,34.25997233350325,5521.199562999982,5649.962743000004,NVIDIA H100 80GB HBM3,
6900,5,1725,3,10,1394.5129624999936,1432.146813299846,1454.636214629934,32.052618834512124,1341.1616790001517,1457.1350369999436,NVIDIA H100 80GB HBM3,
6900,10,1725,3,10,1688.7589083999956,1705.9470175999877,1710.966438560033,14.547994343506735,1662.6129139999648,1711.5241520000382,NVIDIA H100 80GB HBM3,
6900,15,1725,3,10,1904.38286430001,1919.9569315000415,1925.0677196500124,14.007567845486998,1878.541445999872,1925.635585000009,NVIDIA H100 80GB HBM3,
6900,20,1725,3,10,1988.047180700005,2007.9104615998856,2013.1678848600493,26.97040098779996,1941.8581310001173,2013.752043000068,NVIDIA H100 80GB HBM3,
6900,25,1725,3,10,2342.7038091000213,2353.9317909000374,2356.155620790076,8.64694700645447,2325.8236789999955,2356.4027130000795,NVIDIA H100 80GB HBM3,
6900,30,1725,3,10,2429.732390099968,2440.7539476000125,2458.333852259967,12.953123961429066,2417.1706849999737,2460.287174999962,NVIDIA H100 80GB HBM3,
6900,35,1725,3,10,2730.226203499978,2747.080415299945,2783.4734909300337,23.82695726545049,2696.998787999973,2787.5171660000437,NVIDIA H100 80GB HBM3,
6900,40,1725,3,10,2844.469118999996,2856.1269475999893,2863.0284926600043,11.86924272391409,2821.408715999951,2863.7953310000057,NVIDIA H100 80GB HBM3,
6900,45,1725,3,10,3155.4328236999822,3233.1160553000245,3270.281951929976,67.2451175049548,3061.6482670000096,3274.4114959999706,NVIDIA H100 80GB HBM3,
6900,50,1725,3,10,3025.731993200009,3033.5522330999997,3053.3042702099965,12.119428929596712,3010.559615000034,3055.498940999996,NVIDIA H100 80GB HBM3,
6900,55,1725,3,10,3526.4055383000027,3536.557534000042,3540.276802900029,10.691915644815769,3501.2140459999728,3540.690055000028,NVIDIA H100 80GB HBM3,
6900,60,1725,3,10,3455.8523967000046,3471.1189527999863,3484.350155380001,14.698868097081723,3440.023275000044,3485.820289000003,NVIDIA H100 80GB HBM3,
6900,65,1725,3,10,4070.449248600016,4075.243670900056,4083.122556290076,6.3176935377518175,4063.249660999986,4083.9979880000783,NVIDIA H100 80GB HBM3,
6900,70,1725,3,10,4315.495708399986,4376.162117500064,4377.101527149981,39.56987918626462,4271.615763,4377.205905999972,NVIDIA H100 80GB HBM3,
6900,75,1725,3,10,4084.015170399988,4103.966890299967,4110.641819229991,15.448879477407008,4069.818141999974,4111.383477999993,NVIDIA H100 80GB HBM3,
6900,80,1725,3,10,4812.751745800006,4862.206470699982,4871.495078470033,30.57889125028738,4787.182284999972,4872.527146000039,NVIDIA H100 80GB HBM3,
6900,85,1725,3,10,4628.166819499995,4773.017831000027,4782.6569849000325,106.44027967669852,4486.633659000006,4783.728002000033,NVIDIA H100 80GB HBM3,
6900,90,1725,3,10,5764.90510750001,5928.031721999992,5984.033307600075,134.9860991243172,5578.030427000044,5990.2557060000845,NVIDIA H100 80GB HBM3,
6900,95,1725,3,10,5604.013771499996,5723.165314899972,5726.894392090014,68.83839151871828,5525.776858999961,5727.308734000018,NVIDIA H100 80GB HBM3,
6900,100,1725,3,10,5569.517176899995,5623.091436800007,5645.451792979988,55.25720201994229,5477.247255000009,5647.936276999985,NVIDIA H100 80GB HBM3,
7000,5,1750,3,10,1588.527549299988,1601.658326699885,1601.931310469879,8.155348473897728,1578.0819199999314,1601.9616419998783,NVIDIA H100 80GB HBM3,
7000,10,1750,3,10,1485.059184200054,1559.0756870000632,1562.8120631000843,45.946669967183176,1425.84521699996,1563.2272160000866,NVIDIA H100 80GB HBM3,
7000,15,1750,3,10,1805.419199300036,1836.0894662999956,1856.8788639301035,29.89654142953469,1769.6610600000895,1859.1887970001155,NVIDIA H100 80GB HBM3,
7000,20,1750,3,10,2214.7304773000087,2298.728447599933,2361.309011959961,76.58353033634684,2144.0357460001,2368.262407999964,NVIDIA H100 80GB HBM3,
7000,25,1750,3,10,2363.860991399929,2370.5697516999635,2379.0732669699014,7.480420061741363,2354.648202999897,2380.0181019998945,NVIDIA H100 80GB HBM3,
7000,30,1750,3,10,2558.569927999997,2573.12067839996,2574.169988040046,11.162341194369516,2541.991351999968,2574.286578000056,NVIDIA H100 80GB HBM3,
7000,35,1750,3,10,2701.50850440001,2719.431761399983,2721.7988114400464,14.209424667077371,2679.7607829998924,2722.061817000053,NVIDIA H100 80GB HBM3,
7000,40,1750,3,10,3080.453819800005,3186.3293976000023,3199.6361796599517,82.27415065391637,2978.579761999981,3201.1147109999456,NVIDIA H100 80GB HBM3,
7000,45,1750,3,10,3112.3060357000213,3147.407097400094,3159.221007340021,25.5598893551772,3085.9365610000395,3160.533664000013,NVIDIA H100 80GB HBM3,
7000,50,1750,3,10,3171.6246689999816,3179.851201400004,3221.3826100399424,20.38164266095112,3149.011062999989,3225.997210999936,NVIDIA H100 80GB HBM3,
7000,55,1750,3,10,3800.313357899972,3804.594633099987,3818.461064409994,7.9211956891948,3789.52088799997,3820.0017789999943,NVIDIA H100 80GB HBM3,
7000,60,1750,3,10,3937.437280500012,3952.7930512000353,3962.730221920048,15.768074034760852,3915.1633889999857,3963.834352000049,NVIDIA H100 80GB HBM3,
7000,65,1750,3,10,4061.299014299994,4096.819791000007,4108.777221600006,33.16634558516251,4007.826808000004,4110.105825000005,NVIDIA H100 80GB HBM3,
7000,70,1750,3,10,4294.078132699985,4350.950321700066,4352.680560270023,84.3302392358344,4108.415565999962,4352.872809000019,NVIDIA H100 80GB HBM3,
7000,75,1750,3,10,4536.437609400003,4570.175587999972,4575.049479500011,32.34203845849649,4480.98943399998,4575.591023000015,NVIDIA H100 80GB HBM3,
7000,80,1750,3,10,4849.409305099988,4891.6214579999805,4924.087958999986,44.81248879528916,4787.197354999989,4927.695347999987,NVIDIA H100 80GB HBM3,
7000,85,1750,3,10,4822.601733700014,4851.606717600032,4896.337870859988,35.31807982786294,4774.817593000023,4901.307998999982,NVIDIA H100 80GB HBM3,
7000,90,1750,3,10,5334.743050600007,5341.471535900025,5349.265444189994,8.95282944126346,5318.771760000004,5350.131433999991,NVIDIA H100 80GB HBM3,
7000,95,1750,3,10,5554.125645999983,5582.46532569998,5590.305734469976,22.404885068803463,5517.412186999991,5591.176890999976,NVIDIA H100 80GB HBM3,
7000,100,1750,3,10,5827.019012700004,5848.565592499995,5862.397132250005,28.073007594519595,5773.675285999985,5863.9339700000055,NVIDIA H100 80GB HBM3,
7100,5,1775,3,10,1251.7873364000252,1257.8664685000604,1258.428896049836,4.421858212583766,1245.1212690000375,1258.4913879998112,NVIDIA H100 80GB HBM3,
7100,10,1775,3,10,1762.6295239999763,1832.515733900027,1838.6845472899995,62.37961133543543,1697.4017579998415,1839.3699709999964,NVIDIA H100 80GB HBM3,
7100,15,1775,3,10,2203.9190764000523,2253.9856872001337,2272.869218820049,42.69150141972911,2148.164665999957,2274.9673890000395,NVIDIA H100 80GB HBM3,
7100,20,1775,3,10,1995.4092332000075,2024.5533893999664,2025.59118083994,24.874606314358378,1958.518495999897,2025.7064909999367,NVIDIA H100 80GB HBM3,
7100,25,1775,3,10,2096.143559099994,2102.960619000009,2116.587945599954,9.681543158054122,2084.8195739999937,2118.102092999948,NVIDIA H100 80GB HBM3,
7100,30,1775,3,10,2436.025525600008,2565.98312819998,2569.300031220022,74.63054506278739,2363.9428210000237,2569.6685760000264,NVIDIA H100 80GB HBM3,
7100,35,1775,3,10,2524.213701299993,2531.31146420003,2534.66640481995,13.287716772099383,2487.9417600000124,2535.039175999941,NVIDIA H100 80GB HBM3,
7100,40,1775,3,10,2965.1323799999886,2978.114512000002,2983.3010715999944,9.99744370382279,2952.435078999997,2983.8773559999936,NVIDIA H100 80GB HBM3,
7100,45,1775,3,10,3245.831992499996,3315.5076310999902,3318.325273609957,54.03262526601296,3145.993871000087,3318.638344999954,NVIDIA H100 80GB HBM3,
7100,50,1775,3,10,3189.654577100021,3208.6146166000503,3218.8721455600025,15.247111283893943,3170.4825379999875,3220.011870999997,NVIDIA H100 80GB HBM3,
7100,55,1775,3,10,3626.036831800013,3678.7062327999593,3692.8219391800303,41.94974638901677,3562.968098000056,3694.390351000038,NVIDIA H100 80GB HBM3,
7100,60,1775,3,10,3993.573870899991,4011.753639200026,4018.174332620048,16.162654125444785,3974.530669000046,4018.88774300005,NVIDIA H100 80GB HBM3,
7100,65,1775,3,10,3998.6841613000015,4054.500020900002,4070.2889288899614,46.458077307948855,3921.278265000069,4072.0432519999576,NVIDIA H100 80GB HBM3,
7100,70,1775,3,10,4030.456430199996,4044.8578235999935,4051.343482259993,13.395645719971276,4011.9032889999744,4052.064110999993,NVIDIA H100 80GB HBM3,
7100,75,1775,3,10,4519.3617513,4543.008823699972,4561.500408469984,21.123047772914173,4499.739872999953,4563.555028999986,NVIDIA H100 80GB HBM3,
7100,80,1775,3,10,4498.069112000007,4514.924707299986,4515.182937730008,17.176860218410045,4477.0151179999975,4515.211630000011,NVIDIA H100 80GB HBM3,
7100,85,1775,3,10,5189.477431099995,5229.894095399982,5233.241618039985,23.559716008699223,5170.939701000008,5233.613564999985,NVIDIA H100 80GB HBM3,
7100,90,1775,3,10,5495.120313099995,5529.241772400036,5538.8570183399615,27.61896152093511,5462.690035999969,5539.925378999953,NVIDIA H100 80GB HBM3,
7100,95,1775,3,10,5834.051910099993,5858.2577786,5887.95405205997,29.403626219233384,5800.434537000001,5891.253637999967,NVIDIA H100 80GB HBM3,
7100,100,1775,3,10,5984.909467499998,6030.185131700003,6037.045270370013,49.7269449004346,5858.991938999992,6037.807508000014,NVIDIA H100 80GB HBM3,
7200,5,1800,3,10,1473.3709655000212,1492.1117113001628,1494.415693930116,18.72947431156644,1442.2988450000958,1494.6716920001109,NVIDIA H100 80GB HBM3,
7200,10,1800,3,10,1488.7435676000223,1495.1199851000638,1498.1793802100856,5.093052905675191,1479.8902740001267,1498.519313000088,NVIDIA H100 80GB HBM3,
7200,15,1800,3,10,2008.452438499967,2013.3623316999772,2019.712899370036,6.483192140486255,1995.1060579999196,2020.4185180000425,NVIDIA H100 80GB HBM3,
7200,20,1800,3,10,1971.9956386000151,1978.3111010000312,1978.903656499995,6.594647735621432,1960.1701690000937,1978.9694959999904,NVIDIA H100 80GB HBM3,
7200,25,1800,3,10,2344.1047922999583,2349.8858043001064,2350.763628029993,5.399402866473924,2334.544801999982,2350.86116399998,NVIDIA H100 80GB HBM3,
7200,30,1800,3,10,2580.465614400021,2592.6852261000704,2683.7707151099903,41.00255932789784,2549.8497080000107,2693.8913249999814,NVIDIA H100 80GB HBM3,
7200,35,1800,3,10,2792.2110571000185,2823.5131359999627,2828.933777500002,24.112858478407137,2746.759225000005,2829.536071000007,NVIDIA H100 80GB HBM3,
7200,40,1800,3,10,3046.73989170002,3110.948422199965,3114.628934220037,40.769270008965954,2992.224835000002,3115.0378800000453,NVIDIA H100 80GB HBM3,
7200,45,1800,3,10,3049.7863614999687,3072.0762504999584,3072.1733816500728,13.82683867465422,3030.753198000184,3072.1841740000855,NVIDIA H100 80GB HBM3,
7200,50,1800,3,10,3379.016345600018,3422.10702670003,3430.038244570052,37.606490536978384,3329.102884000008,3430.919491000054,NVIDIA H100 80GB HBM3,
7200,55,1800,3,10,3814.3140851999874,3834.239329699972,3834.6048073699462,17.832603113983367,3786.529349000034,3834.645415999944,NVIDIA H100 80GB HBM3,
7200,60,1800,3,10,3790.6710256,3812.716174199943,3816.646295820041,18.37329093205007,3763.084590999938,3817.082976000052,NVIDIA H100 80GB HBM3,
7200,65,1800,3,10,4062.855600299985,4077.575055700004,4078.422742569981,11.020680942737629,4049.441283999954,4078.516929999978,NVIDIA H100 80GB HBM3,
7200,70,1800,3,10,4467.997638599991,4486.17957610005,4494.974613609983,17.840574199281082,4432.750613999929,4495.951839999975,NVIDIA H100 80GB HBM3,
7200,75,1800,3,10,4559.512005600004,4582.306112599991,4594.767837860006,23.081896598686413,4526.574271000016,4596.152474000008,NVIDIA H100 80GB HBM3,
7200,80,1800,3,10,4906.1326291000005,4950.917908000002,4955.047004499987,33.736916027124195,4843.502621000027,4955.505792999986,NVIDIA H100 80GB HBM3,
7200,85,1800,3,10,5348.436382999995,5386.638730200014,5409.448372319995,30.054692037910584,5312.760367999999,5411.982776999992,NVIDIA H100 80GB HBM3,
7200,90,1800,3,10,5098.652014999971,5148.353776299859,5176.664825830033,46.97754962465916,5018.902573000105,5179.810498000052,NVIDIA H100 80GB HBM3,
7200,95,1800,3,10,5585.863464299999,5596.661819600001,5598.499811659991,9.758080842131784,5566.727796999999,5598.70403299999,NVIDIA H100 80GB HBM3,
7200,100,1800,3,10,5517.611176800008,5543.1729232000125,5559.911364220019,24.963665756390668,5476.476260999988,5561.77119100002,NVIDIA H100 80GB HBM3,
7300,5,1825,3,10,1536.3027431000546,1550.2696556000274,1552.8149477599322,15.253767388832689,1506.1743360001856,1553.0977579999217,NVIDIA H100 80GB HBM3,
7300,10,1825,3,10,1652.382763899982,1661.3888208999924,1673.355184989996,9.965059875140485,1636.183186999915,1674.6847809999963,NVIDIA H100 80GB HBM3,
7300,15,1825,3,10,1844.546210499993,1885.177557999987,1887.830145999883,27.96431051892,1805.461766999997,1888.1248779998716,NVIDIA H100 80GB HBM3,
7300,20,1825,3,10,2132.1539695999263,2140.121930499822,2142.682457949943,7.643060003907922,2115.133227999877,2142.9669609999564,NVIDIA H100 80GB HBM3,
7300,25,1825,3,10,2336.656024600006,2385.454219100143,2404.7338804100195,42.29300802972384,2262.300718000006,2406.876065000006,NVIDIA H100 80GB HBM3,
7300,30,1825,3,10,2623.4060441999877,2642.846910600008,2649.3788445599275,15.571965466084352,2601.221815000031,2650.1046149999183,NVIDIA H100 80GB HBM3,
7300,35,1825,3,10,2809.0324093999925,2864.975042500089,2952.9826643500214,91.11936426378604,2653.5676500000136,2962.7612890000137,NVIDIA H100 80GB HBM3,
7300,40,1825,3,10,2891.7044551000117,2923.311223599876,2966.659852660123,37.36526807034797,2845.232664999912,2971.4763670001503,NVIDIA H100 80GB HBM3,
7300,45,1825,3,10,3305.3877821000124,3337.423994500012,3350.0339084500424,29.86697790474924,3258.5266819999106,3351.4350100000456,NVIDIA H100 80GB HBM3,
7300,50,1825,3,10,3537.642254200012,3581.06013419997,3583.0629985200244,32.133182556404954,3495.723218999956,3583.2855390000304,NVIDIA H100 80GB HBM3,
7300,55,1825,3,10,3847.203813199974,3876.9648243000233,3882.8630442300473,20.704848265226488,3816.642232000049,3883.5184020000497,NVIDIA H100 80GB HBM3,
7300,60,1825,3,10,3697.425001800013,3749.688423399948,3760.747591539989,34.46533561946096,3665.239702000008,3761.9763879999937,NVIDIA H100 80GB HBM3,
7300,65,1825,3,10,4200.0479918,4212.409348300002,4223.387070129996,14.687539193876535,4178.087877999928,4224.606816999994,NVIDIA H100 80GB HBM3,
7300,70,1825,3,10,4143.943621599987,4211.216224799966,4291.976479379975,62.60942771768941,4091.832672999999,4300.949840999976,NVIDIA H100 80GB HBM3,
7300,75,1825,3,10,4374.253925700003,4398.455968199988,4488.39891251999,47.89987678561335,4316.572459000043,4498.39257299999,NVIDIA H100 80GB HBM3,
7300,80,1825,3,10,4729.090419699998,4759.632375999991,4871.3817094000015,59.4412507682219,4678.847041999972,4883.798302000003,NVIDIA H100 80GB HBM3,
7300,85,1825,3,10,5154.219022100006,5208.7515595999885,5223.480499159961,45.67645827254344,5078.89571100003,5225.117047999958,NVIDIA H100 80GB HBM3,
7300,90,1825,3,10,5211.568193300013,5246.031848100023,5256.055509810007,26.67558034840311,5178.381619999982,5257.1692500000045,NVIDIA H100 80GB HBM3,
7300,95,1825,3,10,5508.852213899991,5551.798098500012,5570.068689350064,50.00761346849633,5432.543072999806,5572.09875500007,NVIDIA H100 80GB HBM3,
7300,100,1825,3,10,6220.604868200009,6270.157365900031,6271.271414789997,35.104807768866955,6170.339055,6271.395197999993,NVIDIA H100 80GB HBM3,
7400,5,1850,3,10,1330.831923200003,1340.6504779000898,1350.6428395899866,9.067543760147434,1321.1767479999708,1351.7531019999751,NVIDIA H100 80GB HBM3,
7400,10,1850,3,10,1578.4704702000226,1583.21268850018,1583.9658710500726,4.06495351287304,1571.0910450000029,1584.0495580000606,NVIDIA H100 80GB HBM3,
7400,15,1850,3,10,1939.8223093000076,1949.034750099895,1962.3114852099047,11.456472793636037,1924.8701200001503,1963.7866779999056,NVIDIA H100 80GB HBM3,
7400,20,1850,3,10,2266.3858107999886,2278.880391200028,2281.063917919928,11.536281107830042,2246.795067999983,2281.306531999917,NVIDIA H100 80GB HBM3,
7400,25,1850,3,10,2384.984881600008,2401.9477069999766,2429.2292117000784,28.0169729229452,2329.327176000106,2432.2604900000897,NVIDIA H100 80GB HBM3,
7400,30,1850,3,10,2522.5909584000083,2553.985953099982,2592.556120809968,32.827237742288624,2472.619565000059,2596.8416949999664,NVIDIA H100 80GB HBM3,
7400,35,1850,3,10,2640.768139199997,2646.84014309995,2650.666073610006,5.322685544132155,2633.6229219999723,2651.091177000012,NVIDIA H100 80GB HBM3,
7400,40,1850,3,10,3249.7540957999945,3253.137330099969,3254.5274205099613,3.230932536523249,3243.5302659999934,3254.68187499996,NVIDIA H100 80GB HBM3,
7400,45,1850,3,10,3044.494835500018,3055.228353800021,3056.7295980799986,10.368173530742276,3026.6603410000243,3056.896402999996,NVIDIA H100 80GB HBM3,
7400,50,1850,3,10,3432.023147899997,3486.2971002999643,3493.28518332996,40.92577496796406,3390.997191999986,3494.061636999959,NVIDIA H100 80GB HBM3,
7400,55,1850,3,10,3777.629927199973,3784.692878100043,3787.957146509963,7.820740356517573,3766.8888549999338,3788.319842999954,NVIDIA H100 80GB HBM3,
7400,60,1850,3,10,4137.562488200024,4175.579017400014,4176.510472039984,26.7145792984544,4099.971560000085,4176.61396699998,NVIDIA H100 80GB HBM3,
7400,65,1850,3,10,4280.636233699988,4331.080416999941,4335.0910428999205,38.37943610058076,4208.822354000063,4335.536667999918,NVIDIA H100 80GB HBM3,
7400,70,1850,3,10,4908.072416199992,5030.382635600005,5100.104370559944,122.06453389458508,4745.875310999963,5107.8512299999375,NVIDIA H100 80GB HBM3,
7400,75,1850,3,10,4782.044199299997,4839.129984400006,4841.860076440019,44.50029441457711,4703.612652000003,4842.16342000002,NVIDIA H100 80GB HBM3,
7400,80,1850,3,10,5063.294206900003,5082.064971299985,5094.409576229987,15.62351214976372,5043.212251,5095.781198999986,NVIDIA H100 80GB HBM3,
7400,85,1850,3,10,5017.282810600045,5079.0092166998875,5118.396006969988,54.11047385742643,4936.0534920001555,5122.772316999999,NVIDIA H100 80GB HBM3,
7400,90,1850,3,10,5345.701411499999,5390.2010507,5479.894648670001,54.48254239790199,5307.013414999972,5489.860604,NVIDIA H100 80GB HBM3,
7400,95,1850,3,10,5498.846356600004,5521.803593099986,5522.404719210017,22.04936274881383,5452.073251999991,5522.471511000021,NVIDIA H100 80GB HBM3,
7400,100,1850,3,10,6142.523302899995,6200.851637600004,6207.791495659977,40.35607733520823,6085.779437000014,6208.562590999974,NVIDIA H100 80GB HBM3,
7500,5,1875,3,10,1416.6493844000115,1431.5136467001594,1444.7690269700252,12.767273179893696,1405.046974000015,1446.2418470000102,NVIDIA H100 80GB HBM3,
7500,10,1875,3,10,1747.5078115999852,1780.9550244000093,1794.5124917398423,25.35804398525357,1713.0478120000134,1796.018876999824,NVIDIA H100 80GB HBM3,
7500,15,1875,3,10,2011.029036800028,2035.383029699892,2044.3214258699504,19.278192327055415,1984.1495400000892,2045.314580999957,NVIDIA H100 80GB HBM3,
7500,20,1875,3,10,2268.057771100007,2273.751669000012,2275.04186129996,4.252799017820235,2263.318032999905,2275.1852159999544,NVIDIA H100 80GB HBM3,
7500,25,1875,3,10,2446.542812899975,2455.807102699964,2463.866041370102,9.617343191140456,2428.8082609998582,2464.761479000117,NVIDIA H100 80GB HBM3,
7500,30,1875,3,10,2804.241191899996,2815.224543200032,2815.4245905199505,10.701035283323169,2784.953539000071,2815.446817999941,NVIDIA H100 80GB HBM3,
7500,35,1875,3,10,3002.9101026000035,3020.3158968000707,3024.794846880013,14.190535987344395,2983.1492780000417,3025.292508000007,NVIDIA H100 80GB HBM3,
7500,40,1875,3,10,3267.495982399999,3284.451203900005,3290.383181389956,16.74489664491464,3231.2401540000337,3291.0422899999503,NVIDIA H100 80GB HBM3,
7500,45,1875,3,10,3167.161202099942,3222.6864699001,3222.687157590194,32.779740823349,3132.8003539997553,3222.6872340002046,NVIDIA H100 80GB HBM3,
7500,50,1875,3,10,3370.610118600008,3377.5703603000466,3379.0850465300514,7.303372523938259,3357.9483859999755,3379.253345000052,NVIDIA H100 80GB HBM3,
7500,55,1875,3,10,3648.265394099985,3661.8324388998985,3669.106408189911,16.581288069037022,3617.908462000059,3669.914626999912,NVIDIA H100 80GB HBM3,
7500,60,1875,3,10,3813.807938899993,3846.023125200009,3866.926521419946,29.12093402691073,3788.1708070000286,3869.249120999939,NVIDIA H100 80GB HBM3,
7500,65,1875,3,10,4443.915937400004,4453.535876700027,4454.201046269976,7.684932595548605,4431.954006000069,4454.27495399997,NVIDIA H100 80GB HBM3,
7500,70,1875,3,10,4553.92034030001,4569.462088000068,4574.518326700001,11.75321253121886,4539.8319690000335,4575.080130999993,NVIDIA H100 80GB HBM3,
7500,75,1875,3,10,5036.522604100009,5085.484383600016,5101.336501560006,32.840373072357366,5002.247880000027,5103.097848000005,NVIDIA H100 80GB HBM3,
7500,80,1875,3,10,5232.494271500002,5317.956263500037,5355.302281450031,62.672818463951074,5165.60741799998,5359.45183900003,NVIDIA H100 80GB HBM3,
7500,85,1875,3,10,5448.272881400005,5522.766569400044,5525.190287039985,50.92045829994727,5377.705644999992,5525.459588999979,NVIDIA H100 80GB HBM3,
7500,90,1875,3,10,5494.547518600007,5505.978575799986,5578.811489979992,35.28021698844727,5451.300408999998,5586.904035999993,NVIDIA H100 80GB HBM3,
7500,95,1875,3,10,6182.583675200001,6250.05574750004,6284.0495723499735,58.55478744663233,6114.043335999981,6287.826663999966,NVIDIA H100 80GB HBM3,
7500,100,1875,3,10,6158.160840900009,6202.588995900019,6206.014314990014,43.31607243490649,6066.741003000005,6206.394906000014,NVIDIA H100 80GB HBM3,
7600,5,1900,3,10,1461.040339999954,1484.562548100007,1486.6767785099205,17.391877497388275,1439.6517620000395,1486.9116929999109,NVIDIA H100 80GB HBM3,
7600,10,1900,3,10,1610.6261638999968,1612.2843145000616,1613.031891850112,1.7544748125363103,1606.8601700001182,1613.1149560001177,NVIDIA H100 80GB HBM3,
7600,15,1900,3,10,2093.004435800026,2124.3388028000254,2142.0006162800178,23.65476713861928,2069.0192389999997,2143.963040000017,NVIDIA H100 80GB HBM3,
7600,20,1900,3,10,2201.5138111000624,2229.0445872001783,2230.080870420079,23.014154101839853,2167.5853350000125,2230.196013000068,NVIDIA H100 80GB HBM3,
7600,25,1900,3,10,2339.365491099977,2393.8438927999755,2413.1985576799834,37.88653859736665,2290.0946879999537,2415.349075999984,NVIDIA H100 80GB HBM3,
7600,30,1900,3,10,2814.7530503999747,2828.988256600053,2859.668137359962,22.520954672474048,2776.093181999954,2863.077012999952,NVIDIA H100 80GB HBM3,
7600,35,1900,3,10,3045.6967706000005,3053.54709890006,3066.223703390009,8.599065492002348,3038.093344999993,3067.6322150000037,NVIDIA H100 80GB HBM3,
7600,40,1900,3,10,3075.3439509000145,3082.801578100043,3231.77246971007,61.040292476886165,3043.0384560000903,3248.3247910000728,NVIDIA H100 80GB HBM3,
7600,45,1900,3,10,3602.422662099992,3620.588851599985,3644.842654060002,18.273147587576258,3584.036271999935,3647.537521000004,NVIDIA H100 80GB HBM3,
7600,50,1900,3,10,3561.165824999989,3596.9193599999926,3639.438544199991,38.45488298398842,3511.4167530000486,3644.1628979999914,NVIDIA H100 80GB HBM3,
7600,55,1900,3,10,3904.021360999991,3917.696001299976,3918.5689407300392,12.177096210965855,3883.3147640000334,3918.665934000046,NVIDIA H100 80GB HBM3,
7600,60,1900,3,10,4367.677999099999,4374.247351100064,4375.435638110015,6.311113203694837,4356.822868999984,4375.5676700000095,NVIDIA H100 80GB HBM3,
7600,65,1900,3,10,4462.273156499993,4478.392836399922,4480.5112326400285,14.3201868653106,4440.959595999971,4480.74661000004,NVIDIA H100 80GB HBM3,
7600,70,1900,3,10,4708.631406400009,4738.348097100004,4763.677348710024,28.115212183383164,4677.11308500003,4766.491710000026,NVIDIA H100 80GB HBM3,
7600,75,1900,3,10,4725.297727400005,4753.347767900033,4760.827558190004,19.597257662972133,4703.341486999989,4761.658646000001,NVIDIA H100 80GB HBM3,
7600,80,1900,3,10,5061.354862400003,5105.263245900033,5121.592553489975,35.97752082610592,5022.587954000017,5123.406920999969,NVIDIA H100 80GB HBM3,
7600,85,1900,3,10,5390.537237999996,5400.137088900033,5404.434186690005,10.640436669610432,5374.793269000009,5404.911642000002,NVIDIA H100 80GB HBM3,
7600,90,1900,3,10,5619.592623400002,5772.732386600003,5784.845706560009,124.26314929294118,5449.652757999985,5786.191631000009,NVIDIA H100 80GB HBM3,
7600,95,1900,3,10,6161.4863629999945,6260.142804299991,6262.515750330022,100.37151697374722,6005.3367700000135,6262.779411000025,NVIDIA H100 80GB HBM3,
7600,100,1900,3,10,5913.957786799998,5945.781625799993,5953.818873479996,32.296585930906105,5866.747919999981,5954.711900999996,NVIDIA H100 80GB HBM3,
7700,5,1925,3,10,1631.965664900008,1641.4496889999557,1665.1359115000787,14.87393405208958,1613.334508999969,1667.7677140000924,NVIDIA H100 80GB HBM3,
7700,10,1925,3,10,1984.6643615999933,2072.6849450001737,2097.188457499983,61.11411450398395,1924.635155000033,2099.911069999962,NVIDIA H100 80GB HBM3,
7700,15,1925,3,10,1901.3114373000008,1918.633837800121,1925.1486013801216,15.054143289383582,1879.5230039997928,1925.872464000122,NVIDIA H100 80GB HBM3,
7700,20,1925,3,10,2343.147329499993,2407.3165158000165,2426.678535480057,50.02947460768612,2290.475798999978,2428.8298710000618,NVIDIA H100 80GB HBM3,
7700,25,1925,3,10,2633.7985825000487,2869.3354668000893,2873.538911580183,137.5693181017372,2485.863282000082,2874.0059610001936,NVIDIA H100 80GB HBM3,
7700,30,1925,3,10,2744.2465480000005,2763.498258999948,2820.2314284999647,32.24487432520856,2711.833571999932,2826.5351139999666,NVIDIA H100 80GB HBM3,
7700,35,1925,3,10,2783.979405200023,2796.1057605999827,2798.2118221600003,9.878446963647647,2769.9216750000915,2798.445829000002,NVIDIA H100 80GB HBM3,
7700,40,1925,3,10,3149.142243200004,3198.0654158999528,3258.396782789968,57.67695829825717,3065.885117999983,3265.100267999969,NVIDIA H100 80GB HBM3,
7700,45,1925,3,10,3237.479509799972,3248.1832294999435,3260.417100949934,11.921803577302637,3214.810204999935,3261.776419999933,NVIDIA H100 80GB HBM3,
7700,50,1925,3,10,3646.540474200003,3679.0459655999257,3686.098891559948,25.992038127946536,3617.179570000076,3686.8825499999502,NVIDIA H100 80GB HBM3,
7700,55,1925,3,10,3763.5947268,3828.527842599988,3870.812390859997,48.62006514417232,3715.2612370000497,3875.510673999997,NVIDIA H100 80GB HBM3,
7700,60,1925,3,10,4229.608828899995,4246.949390599912,4268.918288359981,19.60723896578528,4202.932546999932,4271.359276999988,NVIDIA H100 80GB HBM3,
7700,65,1925,3,10,4141.955495400003,4164.880589400008,4168.12774494,17.291362862842956,4117.831655000032,4168.488539999999,NVIDIA H100 80GB HBM3,
7700,70,1925,3,10,4446.086273899999,4461.225944599983,4467.117557359987,16.660418520764328,4417.092370000035,4467.772180999987,NVIDIA H100 80GB HBM3,
7700,75,1925,3,10,5179.708910900002,5194.787131399999,5196.202512439998,11.385989181817555,5162.721628999975,5196.359776999998,NVIDIA H100 80GB HBM3,
7700,80,1925,3,10,5020.789956399989,5059.1860248999865,5068.182807490023,33.73082109514692,4957.626487000027,5069.182450000028,NVIDIA H100 80GB HBM3,
7700,85,1925,3,10,5557.616465199993,5617.0288525000105,5623.4969333499785,50.44115950699939,5449.5571159999945,5624.215608999975,NVIDIA H100 80GB HBM3,
7700,90,1925,3,10,6005.714287699993,6046.589842100007,6060.414922909995,38.50352023661169,5944.235347000017,6061.951042999994,NVIDIA H100 80GB HBM3,
7700,95,1925,3,10,6020.060383100003,6041.512702400005,6077.717308040006,24.58205644570276,5997.283299000002,6081.740042000007,NVIDIA H100 80GB HBM3,
7700,100,1925,3,10,6445.492593800007,6473.462637900005,6506.188581089994,32.88565887448006,6391.952986000007,6509.824796999993,NVIDIA H100 80GB HBM3,
7800,5,1950,3,10,1414.31511330004,1421.2421598001356,1422.4181242801,5.339207833123789,1407.20996999994,1422.548787000096,NVIDIA H100 80GB HBM3,
7800,10,1950,3,10,1963.503279499946,2122.4078640998187,2129.5261611099,129.9268935220904,1818.1147370000872,2130.317082999909,NVIDIA H100 80GB HBM3,
7800,15,1950,3,10,2099.0586443999973,2111.2189743000044,2141.7229611300104,17.833209250640667,2083.05101499991,2145.112293000011,NVIDIA H100 80GB HBM3,
7800,20,1950,3,10,2119.9877254000057,2244.5922721998613,2264.0915253200683,78.25030206529603,2024.893042999793,2266.2581090000917,NVIDIA H100 80GB HBM3,
7800,25,1950,3,10,2484.6814929999714,2494.603232500026,2499.038099950019,7.7246715614564865,2473.63330099995,2499.530863000018,NVIDIA H100 80GB HBM3,
7800,30,1950,3,10,2898.3222576000007,2905.8385247999468,2931.2543629799848,13.931511264316327,2886.54233200009,2934.078344999989,NVIDIA H100 80GB HBM3,
7800,35,1950,3,10,2898.8052694999737,2930.3092805000347,2937.8525634499933,28.069402918670644,2846.4448539999694,2938.6907059999885,NVIDIA H100 80GB HBM3,
7800,40,1950,3,10,3145.7213774000024,3175.546005100057,3208.5679644100096,31.02967858647297,3108.2104769999432,3212.237071000004,NVIDIA H100 80GB HBM3,
7800,45,1950,3,10,3541.79430170002,3564.223186800041,3568.543725180016,20.47450857471625,3511.705924000012,3569.023785000013,NVIDIA H100 80GB HBM3,
7800,50,1950,3,10,3809.3070873999977,3865.871172200036,3886.647552320048,43.86537535723484,3764.557736000029,3888.9560390000497,NVIDIA H100 80GB HBM3,
7800,55,1950,3,10,3815.885171499974,3949.140196099904,4006.676424709912,93.50547926836232,3749.490395999942,4013.069338999912,NVIDIA H100 80GB HBM3,
7800,60,1950,3,10,3979.749559200013,4058.145053500039,4062.292192749972,43.73653186222701,3944.285157000081,4062.752985999964,NVIDIA H100 80GB HBM3,
7800,65,1950,3,10,4473.890204499998,4511.567880100006,4519.516597209968,32.97518287223326,4418.351716000075,4520.399787999963,NVIDIA H100 80GB HBM3,
7800,70,1950,3,10,4748.957314000012,4879.426240500004,4886.317927050035,101.29397784701384,4616.286970000033,4887.083670000038,NVIDIA H100 80GB HBM3,
7800,75,1950,3,10,5072.916364799994,5110.751356999997,5221.507233500037,65.20313493370807,4999.691132000009,5233.8134420000415,NVIDIA H100 80GB HBM3,
7800,80,1950,3,10,5505.186145300002,5539.190784900006,5577.911286990017,39.569847229195126,5437.549483999987,5582.213565000018,NVIDIA H100 80GB HBM3,
7800,85,1950,3,10,5405.668421100001,5421.600754800022,5424.568333979983,17.440529297291377,5367.064828000025,5424.898064999979,NVIDIA H100 80GB HBM3,
7800,90,1950,3,10,5823.670738500001,5878.381143300026,5880.572819429982,44.94505879927382,5750.506817999991,5880.816338999977,NVIDIA H100 80GB HBM3,
7800,95,1950,3,10,5871.550073399999,5933.453112299986,6002.520883229989,67.04327521472676,5783.778473000012,6010.195079999989,NVIDIA H100 80GB HBM3,
7800,100,1950,3,10,6559.1751091000015,6605.400286700012,6634.521566269989,42.611327549844425,6499.148228999985,6637.757263999987,NVIDIA H100 80GB HBM3,
7900,5,1975,3,10,1382.6740966000216,1395.8573688000797,1411.0252489799675,14.043710040773313,1363.766761000079,1412.7105689999553,NVIDIA H100 80GB HBM3,
7900,10,1975,3,10,1667.109013200002,1675.3302284000938,1676.2072510399798,5.908313243533812,1658.48912499996,1676.3046979999672,NVIDIA H100 80GB HBM3,
7900,15,1975,3,10,1870.704111400028,1877.3534122000228,1880.0346353200557,5.982057985277694,1862.92103400001,1880.3325490000589,NVIDIA H100 80GB HBM3,
7900,20,1975,3,10,2336.298752099969,2346.117591500069,2372.677106749884,15.114258507690572,2321.1722229998486,2375.628163999864,NVIDIA H100 80GB HBM3,
7900,25,1975,3,10,2356.395398500001,2399.149147700029,2411.0575951700584,29.06118984171145,2323.930574999963,2412.3807560000614,NVIDIA H100 80GB HBM3,
7900,30,1975,3,10,2583.6028147000093,2618.295563499987,2639.192093349975,30.546493897839536,2551.201132000074,2641.5139299999737,NVIDIA H100 80GB HBM3,
7900,35,1975,3,10,3013.940970299996,3085.700243899953,3172.608293990003,68.33753285005774,2956.284048000043,3182.264744000008,NVIDIA H100 80GB HBM3,
7900,40,1975,3,10,3284.3739712,3291.8269071999703,3299.1390299199247,9.38577840179778,3264.388785000051,3299.95148799992,NVIDIA H100 80GB HBM3,
7900,45,1975,3,10,3573.137345499993,3590.8117255000207,3591.6665873499983,14.57786690180667,3546.771511999964,3591.761571999996,NVIDIA H100 80GB HBM3,
7900,50,1975,3,10,4002.081790400007,4052.4168584999984,4066.8288847499743,39.2914895082242,3950.1090100000056,4068.4302209999714,NVIDIA H100 80GB HBM3,
7900,55,1975,3,10,4162.868309600014,4187.323349300061,4196.664611930019,20.24138553377722,4126.880073000052,4197.702530000015,NVIDIA H100 80GB HBM3,
7900,60,1975,3,10,4078.764447299977,4095.222640900045,4133.114950390008,22.621990662769385,4060.634535999952,4137.325207000004,NVIDIA H100 80GB HBM3,
7900,65,1975,3,10,4700.853901500001,4714.43583570001,4731.232965270024,16.160370917208503,4675.461595000002,4733.099313000025,NVIDIA H100 80GB HBM3,
7900,70,1975,3,10,4967.691616000013,4983.840457899987,4994.9922859900025,16.436836623338916,4938.975225000036,4996.231378000004,NVIDIA H100 80GB HBM3,
7900,75,1975,3,10,4806.941331599984,4826.806312999975,4836.754967899999,21.942515915633457,4767.150663999984,4837.860374000002,NVIDIA H100 80GB HBM3,
7900,80,1975,3,10,5559.970156499998,5583.2819755999935,5607.202373959999,28.50780543357348,5515.253656000027,5609.860196,NVIDIA H100 80GB HBM3,
7900,85,1975,3,10,5646.164293600014,5673.938253399999,5686.21401724001,27.818530172649456,5610.649499000005,5687.577991000012,NVIDIA H100 80GB HBM3,
7900,90,1975,3,10,5708.363545400005,5854.732615500006,5947.87650405,109.01015550641878,5608.66436400002,5958.225825,NVIDIA H100 80GB HBM3,
7900,95,1975,3,10,6247.015987300003,6387.192931000015,6413.006367400001,110.3733563801229,6149.003822000026,6415.874527,NVIDIA H100 80GB HBM3,
7900,100,1975,3,10,6152.997943000005,6188.390786600015,6218.753819659994,36.10118812920015,6110.859424000011,6222.127489999992,NVIDIA H100 80GB HBM3,
8000,5,2000,3,10,1741.5130972999802,1747.1282685001142,1747.4565655500803,5.123935180496771,1732.935976999897,1747.4930430000768,NVIDIA H100 80GB HBM3,
8000,10,2000,3,10,1771.4361987000077,1778.0250592999437,1779.880172329822,6.075501341604722,1762.3325680001471,1780.0862959998085,NVIDIA H100 80GB HBM3,
8000,15,2000,3,10,1857.0745597000496,1900.4645965000575,1986.021061150024,52.37464137609158,1821.604204000096,1995.52733500002,NVIDIA H100 80GB HBM3,
8000,20,2000,3,10,2133.2448979000105,2145.10851230001,2145.4962941299427,9.319693691665403,2120.441555999946,2145.539380999935,NVIDIA H100 80GB HBM3,
8000,25,2000,3,10,2648.332716200025,2754.4156377000604,2783.175867870058,121.79510723305242,2478.6488150000423,2786.371449000057,NVIDIA H100 80GB HBM3,
8000,30,2000,3,10,2912.4397096000166,2936.577548600087,2965.5111908599897,25.808507948523648,2872.510656000032,2968.726039999978,NVIDIA H100 80GB HBM3,
8000,35,2000,3,10,2841.7081176999773,2860.267969299946,2861.1263125300334,11.592319464056482,2824.074381999935,2861.221684000043,NVIDIA H100 80GB HBM3,
8000,40,2000,3,10,3403.9998352,3463.324417800004,3479.894059679943,53.599644823172206,3333.294679000005,3481.7351309999367,NVIDIA H100 80GB HBM3,
8000,45,2000,3,10,3364.441713600002,3378.248328900054,3385.244476289945,13.50037624847576,3343.061776000013,3386.021825999933,NVIDIA H100 80GB HBM3,
8000,50,2000,3,10,3816.048290999982,3848.42654530006,3864.9373042299303,30.655111235827476,3775.2580669999816,3866.771832999916,NVIDIA H100 80GB HBM3,
8000,55,2000,3,10,4122.184387999982,4181.167547399934,4183.997747339982,54.34676879378322,4016.096243999982,4184.312213999988,NVIDIA H100 80GB HBM3,
8000,60,2000,3,10,4144.759233900016,4159.31136700002,4163.733294699924,13.429563012328368,4122.72495600007,4164.224619999914,NVIDIA H100 80GB HBM3,
8000,65,2000,3,10,4314.6789469,4321.49698469999,4325.145667769999,7.977692102114104,4300.639939999996,4325.551077,NVIDIA H100 80GB HBM3,
8000,70,2000,3,10,5022.958722100009,5087.121414500001,5091.117577850017,43.41950724405705,4963.847926000028,5091.56159600002,NVIDIA H100 80GB HBM3,
8000,75,2000,3,10,5249.149921500009,5361.143521600013,5366.917084960022,76.02337023061624,5114.874611000005,5367.558592000023,NVIDIA H100 80GB HBM3,
8000,80,2000,3,10,5506.998968300001,5513.530337499969,5518.2297914499895,7.0020752839461,5495.031898000036,5518.751952999992,NVIDIA H100 80GB HBM3,
8000,85,2000,3,10,5922.460434900003,5941.24158699999,5953.722544899985,17.754035640284823,5892.678122000007,5955.109317999984,NVIDIA H100 80GB HBM3,
8000,90,2000,3,10,6263.560550700004,6345.983609300032,6463.358427529975,95.6351224278575,6137.986126000015,6476.400073999968,NVIDIA H100 80GB HBM3,
8000,95,2000,3,10,6339.114416600006,6349.398409300011,6350.965591629991,6.798500800937744,6329.316026000015,6351.139722999988,NVIDIA H100 80GB HBM3,
8000,100,2000,3,10,6544.803888200002,6660.54925199999,6691.02426269999,78.56324258845422,6480.827500000004,6694.4103749999895,NVIDIA H100 80GB HBM3,
8100,5,2025,3,10,1493.680608600016,1510.916908499894,1512.0316345501124,12.044930158146032,1477.416625999922,1512.1554930001366,NVIDIA H100 80GB HBM3,
8100,10,2025,3,10,1849.9413305000191,1869.5911801000195,1887.1728465100364,19.115881873990045,1823.2567739999013,1889.1263650000385,NVIDIA H100 80GB HBM3,
8100,15,2025,3,10,2002.325079699972,2026.9594824001613,2100.793496639885,39.90788378427102,1962.4611149999964,2108.9972759998545,NVIDIA H100 80GB HBM3,
8100,20,2025,3,10,2362.4428755999816,2389.6385591998296,2399.7499528199205,22.682508003147824,2328.562137000062,2400.8734409999306,NVIDIA H100 80GB HBM3,
8100,25,2025,3,10,2391.771851099997,2403.5972019000383,2406.5253186900877,10.868398816082204,2373.5863329999347,2406.8506650000927,NVIDIA H100 80GB HBM3,
8100,30,2025,3,10,2913.416411600008,2944.0804447000687,2944.6886793700664,26.333852572287377,2875.3231980000464,2944.756261000066,NVIDIA H100 80GB HBM3,
8100,35,2025,3,10,3208.804672999985,3228.894607899997,3262.540492389953,22.944059538296305,3184.291519999988,3266.2789239999483,NVIDIA H100 80GB HBM3,
8100,40,2025,3,10,3539.682227999981,3573.848041899953,3593.9699476899923,31.133985008099707,3481.7378899999767,3596.2057149999964,NVIDIA H100 80GB HBM3,
8100,45,2025,3,10,3769.346128500012,3816.828458299983,3820.2014870299695,33.57723134090354,3725.711593000028,3820.576267999968,NVIDIA H100 80GB HBM3,
8100,50,2025,3,10,3810.664196000004,3827.0785664000414,3834.4826176400634,18.04726658404921,3776.339045999976,3835.305290000065,NVIDIA H100 80GB HBM3,
8100,55,2025,3,10,4345.824498700005,4359.470419399963,4377.407702539997,15.921510897141808,4328.636926000058,4379.400734000001,NVIDIA H100 80GB HBM3,
8100,60,2025,3,10,4217.226322299995,4233.820113000002,4261.314850200002,20.153671630849622,4196.502116999965,4264.369821000002,NVIDIA H100 80GB HBM3,
8100,65,2025,3,10,4718.615955499996,4765.388828100015,4784.927324909961,44.06165023626487,4660.253890000035,4787.098268999955,NVIDIA H100 80GB HBM3,
8100,70,2025,3,10,5197.3914146000025,5251.054416700037,5272.655923570013,38.29822026445595,5149.608789999946,5275.05609100001,NVIDIA H100 80GB HBM3,
8100,75,2025,3,10,4891.017497000003,4919.182261299989,4924.915597629976,24.166653942890704,4856.166738000013,4925.552634999975,NVIDIA H100 80GB HBM3,
8100,80,2025,3,10,5268.329653000001,5293.676817400029,5353.9208379400025,34.5574688869853,5238.722340000039,5360.614618,NVIDIA H100 80GB HBM3,
8100,85,2025,3,10,5982.981096099999,5999.932162700026,6001.7970151699965,15.599171826647837,5961.097381999991,6002.004220999993,NVIDIA H100 80GB HBM3,
8100,90,2025,3,10,5759.409825300003,5769.974029099995,5777.810909510011,11.09695042411109,5739.524828000014,5778.681674000012,NVIDIA H100 80GB HBM3,
8100,95,2025,3,10,6658.588543900008,6712.067301399995,6729.234315040003,64.3894485448045,6555.363104999998,6731.141761000004,NVIDIA H100 80GB HBM3,
8100,100,2025,3,10,6728.1778727000055,6767.720032899996,6785.9162608900015,52.58494587107054,6633.239144000016,6787.938064000002,NVIDIA H100 80GB HBM3,
8200,5,2050,3,10,1628.9053911999872,1654.1885558999866,1658.1522495898548,20.238282148110127,1599.2172090000167,1658.5926599998402,NVIDIA H100 80GB HBM3,
8200,10,2050,3,10,1908.1079066000027,1920.6117664000656,1920.8661906400064,8.926233914418141,1897.103294999852,1920.8944599999995,NVIDIA H100 80GB HBM3,
8200,15,2050,3,10,2011.3050477999875,2032.2183266999673,2043.698389469964,16.43463606902261,1993.7601440001345,2044.973951999964,NVIDIA H100 80GB HBM3,
8200,20,2050,3,10,2222.564577700007,2225.035539400028,2225.998251940023,1.979720095771804,2219.781750999914,2226.105220000022,NVIDIA H100 80GB HBM3,
8200,25,2050,3,10,2569.429596099985,2608.230115200058,2631.8710603199747,31.73310411140145,2530.4003300000204,2634.497831999965,NVIDIA H100 80GB HBM3,
8200,30,2050,3,10,2963.684445599995,2993.625102199905,2995.0820670198973,23.27178465528629,2926.4852750000045,2995.243951999896,NVIDIA H100 80GB HBM3,
8200,35,2050,3,10,3200.4282772000006,3217.0753543000046,3242.6710570300384,19.07811018105282,3179.7512379999944,3245.515024000042,NVIDIA H100 80GB HBM3,
8200,40,2050,3,10,3353.525737300004,3366.700228800028,3379.5659026799626,20.71774253201964,3307.994477999955,3380.9954219999554,NVIDIA H100 80GB HBM3,
8200,45,2050,3,10,3639.110574599989,3682.6542279000014,3690.488773889933,29.032409261120996,3604.161591999969,3691.3592789999257,NVIDIA H100 80GB HBM3,
8200,50,2050,3,10,3850.777894900012,3870.8134846998746,3889.5532615700768,23.040981012691063,3808.6812579999782,3891.635459000099,NVIDIA H100 80GB HBM3,
8200,55,2050,3,10,4218.148939300022,4255.167573600044,4301.141040059998,43.56940464446788,4149.777117999975,4306.249202999993,NVIDIA H100 80GB HBM3,
8200,60,2050,3,10,4561.111755899999,4609.238855400008,4624.562017439996,50.29044302988433,4448.131459999957,4626.264590999995,NVIDIA H100 80GB HBM3,
8200,65,2050,3,10,4950.209682000002,4961.146502000014,4971.618821900005,12.976741027372649,4928.026769000042,4972.782413000004,NVIDIA H100 80GB HBM3,
8200,70,2050,3,10,4788.943838800008,4801.365237800012,4803.823173079988,12.681107975555726,4759.610465000037,4804.096276999985,NVIDIA H100 80GB HBM3,
8200,75,2050,3,10,5313.643402899998,5342.608962599974,5355.156604560001,24.16531671632754,5286.415983999973,5356.550787000004,NVIDIA H100 80GB HBM3,
8200,80,2050,3,10,5757.643129599996,5779.042734500013,5782.31595665,19.038413326773675,5731.687789000034,5782.679647999998,NVIDIA H100 80GB HBM3,
8200,85,2050,3,10,5891.7471787999975,5977.063024499995,5988.553145849978,56.71106078408101,5820.015208000001,5989.8298259999765,NVIDIA H100 80GB HBM3,
8200,90,2050,3,10,6239.882950200004,6261.537201300012,6274.780136729988,22.887734450158653,6196.425210000001,6276.251573999985,NVIDIA H100 80GB HBM3,
8200,95,2050,3,10,6765.115647000008,6789.84393710002,6799.522733209992,27.727938066842388,6714.166556999999,6800.598154999989,NVIDIA H100 80GB HBM3,
8200,100,2050,3,10,7009.916292700002,7034.426514400002,7045.12746814001,21.508658533521945,6978.253222000007,7046.316463000011,NVIDIA H100 80GB HBM3,
8300,5,2075,3,10,1462.1336480999844,1464.3331232998662,1468.210012529994,2.9030985915934813,1458.216221999919,1468.640778000008,NVIDIA H100 80GB HBM3,
8300,10,2075,3,10,1979.4745483000272,1983.0837059000717,1984.0632785900425,3.213959316645286,1973.9657320001245,1984.1721200000395,NVIDIA H100 80GB HBM3,
8300,15,2075,3,10,2032.3519567000403,2158.75238689996,2162.994639590165,94.5988250913107,1933.1713040000975,2163.466001000188,NVIDIA H100 80GB HBM3,
8300,20,2075,3,10,2480.260510999983,2500.808519600037,2501.5144232598936,19.4714157104084,2451.0129529999176,2501.5928569998778,NVIDIA H100 80GB HBM3,
8300,25,2075,3,10,2591.291068000009,2604.013875400085,2611.463327140024,13.739379086432397,2570.941267999956,2612.291044000017,NVIDIA H100 80GB HBM3,
8300,30,2075,3,10,2867.100575099994,2930.956147300026,2947.9310524300263,50.173437449593486,2804.5488940000496,2949.8171530000263,NVIDIA H100 80GB HBM3,
8300,35,2075,3,10,3307.3452096999854,3329.2401944000403,3333.654624739945,22.049257215508963,3271.245785000019,3334.1451169999345,NVIDIA H100 80GB HBM3,
8300,40,2075,3,10,3573.9232225000137,3588.6456484000632,3631.6164756399976,24.284867952221163,3549.986620000027,3636.39101199999,NVIDIA H100 80GB HBM3,
8300,45,2075,3,10,3744.2784116999865,3747.669831199971,3748.3142202199647,2.9514508917278643,3740.539079000087,3748.385818999964,NVIDIA H100 80GB HBM3,
8300,50,2075,3,10,4083.546784900011,4113.367876799975,4151.388732479982,33.94155014720324,4041.117442000086,4155.613271999982,NVIDIA H100 80GB HBM3,
8300,55,2075,3,10,4460.5452042000015,4477.694338300034,4479.861082630057,19.824909933986408,4425.493234999976,4480.101832000059,NVIDIA H100 80GB HBM3,
8300,60,2075,3,10,4719.006149799987,4726.461291300052,4729.488385230032,7.563092971655818,4706.210861999921,4729.824729000029,NVIDIA H100 80GB HBM3,
8300,65,2075,3,10,4578.741652700011,4594.116014400049,4600.1811113400245,12.508724365789249,4561.843325000041,4600.8550110000215,NVIDIA H100 80GB HBM3,
8300,70,2075,3,10,5315.2503561,5330.079583399976,5330.999665639994,13.48234590420271,5291.194862999987,5331.101896999997,NVIDIA H100 80GB HBM3,
8300,75,2075,3,10,5427.76994489999,5492.350484399981,5503.822703939953,45.63233935752787,5370.699614999978,5505.09739499995,NVIDIA H100 80GB HBM3,
8300,80,2075,3,10,5978.764205000002,5995.950692099996,5997.8626331099895,14.42042100755942,5956.743127000038,5998.075070999988,NVIDIA H100 80GB HBM3,
8300,85,2075,3,10,5993.598669899996,6051.448764799991,6072.645790879988,39.76464282363205,5952.474841999987,6075.001015999987,NVIDIA H100 80GB HBM3,
8300,90,2075,3,10,6040.249671999999,6122.316429899979,6138.513448290003,50.69784999462896,5993.018250999995,6140.313117000005,NVIDIA H100 80GB HBM3,
8300,95,2075,3,10,6904.122711599996,6923.017542999983,6931.823117800019,21.338657364069764,6864.4703939999945,6932.801515000023,NVIDIA H100 80GB HBM3,
8300,100,2075,3,10,6415.6687847,6455.123653800003,6541.494762180003,58.48513388471305,6349.664113999999,6551.091552000003,NVIDIA H100 80GB HBM3,
8400,5,2100,3,10,1692.9362272999929,1706.4943524,1707.9372410401334,15.07820795830416,1662.3260239998672,1708.0975620001482,NVIDIA H100 80GB HBM3,
8400,10,2100,3,10,1819.2512848000208,1831.999377599982,1840.9874583598664,12.032915359066504,1802.9097549999733,1841.986133999853,NVIDIA H100 80GB HBM3,
8400,15,2100,3,10,2285.563142800015,2293.070079000018,2406.7251318000217,47.3270589544143,2261.903297000117,2419.353471000022,NVIDIA H100 80GB HBM3,
8400,20,2100,3,10,2569.2190188000045,2580.810764200009,2580.912104919992,10.050404357344082,2552.704515999949,2580.9233649999896,NVIDIA H100 80GB HBM3,
8400,25,2100,3,10,2596.253615799992,2614.287341499982,2618.919241449916,15.993654103065568,2573.590008999986,2619.433896999908,NVIDIA H100 80GB HBM3,
8400,30,2100,3,10,3125.05645250003,3143.252936799979,3151.8881102800165,13.0418780742937,3112.387166000076,3152.8475740000204,NVIDIA H100 80GB HBM3,
8400,35,2100,3,10,3407.127629200022,3428.309110499981,3441.9856081500257,18.093239562667268,3383.957310000028,3443.5052190000306,NVIDIA H100 80GB HBM3,
8400,40,2100,3,10,3305.636204600012,3312.0205347000365,3318.1516733700687,7.446811335003441,3291.640498999982,3318.8329110000723,NVIDIA H100 80GB HBM3,
8400,45,2100,3,10,3959.494341499988,3975.592097300012,3975.99831473002,13.980395112107471,3938.144269999953,3976.04345000002,NVIDIA H100 80GB HBM3,
8400,50,2100,3,10,3854.916880100018,3868.625135000013,3869.213689100026,12.577264250753126,3835.196118999989,3869.279084000027,NVIDIA H100 80GB HBM3,
8400,55,2100,3,10,4143.505323700026,4159.028292100038,4215.688651510025,29.240025004331724,4124.032636000038,4221.984247000023,NVIDIA H100 80GB HBM3,
8400,60,2100,3,10,4528.518470500017,4579.718204300036,4591.92832492999,43.70623294618369,4462.25159200003,4593.285004999984,NVIDIA H100 80GB HBM3,
8400,65,2100,3,10,4905.650491199986,4994.726593299993,5015.311879029978,83.52742612531694,4777.323242999955,5017.599132999976,NVIDIA H100 80GB HBM3,
8400,70,2100,3,10,5151.8728120000105,5167.342820899983,5181.207930290019,15.062918307204937,5138.206895999985,5182.748498000024,NVIDIA H100 80GB HBM3,
8400,75,2100,3,10,5145.539791099986,5165.329021399982,5175.188368939983,22.198486903140186,5101.559407999957,5176.283851999983,NVIDIA H100 80GB HBM3,
8400,80,2100,3,10,5952.942582099997,5968.793112799997,5973.717732979986,12.534853518621762,5937.199071000009,5974.2649129999845,NVIDIA H100 80GB HBM3,
8400,85,2100,3,10,6095.113811599996,6165.002218300003,6200.48917933002,80.15399872778018,5934.005791000004,6204.432175000022,NVIDIA H100 80GB HBM3,
8400,90,2100,3,10,6278.276721899996,6297.803682599985,6387.780334260007,44.34831983475745,6244.667995000014,6397.7777400000095,NVIDIA H100 80GB HBM3,
8400,95,2100,3,10,6919.499748000002,7054.384226399984,7096.328370539994,105.8520040860535,6759.780650000011,7100.988830999995,NVIDIA H100 80GB HBM3,
8400,100,2100,3,10,7137.902347699996,7217.187257799998,7244.913458979996,57.78790406009581,7063.100465999994,7247.994147999996,NVIDIA H100 80GB HBM3,
8500,5,2125,3,10,1516.4772747999675,1517.4501947998351,1518.190687080039,0.9694826981800232,1515.2055749999818,1518.2729640000616,NVIDIA H100 80GB HBM3,
8500,10,2125,3,10,2141.8825704999567,2212.6013032999936,2222.5764395299097,64.72633433173023,2069.2564839998795,2223.6847879999004,NVIDIA H100 80GB HBM3,
8500,15,2125,3,10,2213.71091970002,2224.24522719989,2235.1876403199685,11.124275982429005,2198.561393999853,2236.403463999977,NVIDIA H100 80GB HBM3,
8500,20,2125,3,10,2312.5162413000226,2322.253265299969,2325.0485777299764,10.036642516274958,2297.4584900000536,2325.359167999977,NVIDIA H100 80GB HBM3,
8500,25,2125,3,10,2729.965246800009,2752.1041881000656,2759.5385552099447,25.008286986954573,2687.2836300000245,2760.364595999931,NVIDIA H100 80GB HBM3,
8500,30,2125,3,10,3177.238578599997,3209.9137617999986,3243.1126631800043,36.01501060629327,3139.7435400000404,3246.801430000005,NVIDIA H100 80GB HBM3,
8500,35,2125,3,10,3428.172154799995,3440.3553244999443,3453.571021250026,14.340531741583908,3404.29906199995,3455.039432000035,NVIDIA H100 80GB HBM3,
8500,40,2125,3,10,3627.776808999988,3652.933594000035,3653.1236766999873,22.019230064744036,3590.4935500000192,3653.1447969999817,NVIDIA H100 80GB HBM3,
8500,45,2125,3,10,3783.96887409998,3813.0555843999673,3813.086707839941,31.728636571804355,3728.016676999914,3813.090165999938,NVIDIA H100 80GB HBM3,
8500,50,2125,3,10,4287.938708900003,4320.464164499958,4327.682305350013,22.177611143063395,4258.694783999999,4328.484321000019,NVIDIA H100 80GB HBM3,
8500,55,2125,3,10,4428.521374999991,4440.1188499,4444.449238690045,9.87899282099088,4414.686963999998,4444.93039300005,NVIDIA H100 80GB HBM3,
8500,60,2125,3,10,4386.332800999998,4403.869578800038,4417.099671680002,18.01247718604815,4353.056678999963,4418.569681999998,NVIDIA H100 80GB HBM3,
8500,65,2125,3,10,5053.839987500009,5071.144419199993,5072.177478620007,16.59410199526136,5027.741420999973,5072.2922630000085,NVIDIA H100 80GB HBM3,
8500,70,2125,3,10,5492.922321399988,5532.029784500008,5546.304054049964,37.37622733756463,5408.8765519999815,5547.89008399996,NVIDIA H100 80GB HBM3,
8500,75,2125,3,10,5613.039198900004,5650.081116100028,5651.606346909991,38.94942682864448,5536.167280000029,5651.775816999987,NVIDIA H100 80GB HBM3,
8500,80,2125,3,10,5928.163578999998,5937.168542700028,5937.439031670022,5.4862525077034965,5920.1906590000135,5937.469086000021,NVIDIA H100 80GB HBM3,
8500,85,2125,3,10,5942.848657700051,6030.422269300243,6050.208101230141,74.22672426193924,5809.079179000037,6052.40652700013,NVIDIA H100 80GB HBM3,
8500,90,2125,3,10,6442.592266899994,6501.741236799992,6508.684425579988,41.72957138531832,6373.203786000005,6509.455890999988,NVIDIA H100 80GB HBM3,
8500,95,2125,3,10,6334.413580499998,6351.648382099997,6358.036334510001,14.775709645227952,6314.017728999999,6358.746107000002,NVIDIA H100 80GB HBM3,
8500,100,2125,3,10,7139.618630700001,7287.328766999998,7298.497257599996,123.03494584333156,6965.782103999999,7299.7382009999965,NVIDIA H100 80GB HBM3,
8600,5,2150,3,10,1566.650729499952,1603.2632105998573,1614.5425626598603,28.267618517963143,1540.4985879999913,1615.7958239998609,NVIDIA H100 80GB HBM3,
8600,10,2150,3,10,1974.5621785000135,2006.938560800063,2030.865537980112,30.461155212258635,1929.5416059999295,2033.5240910001176,NVIDIA H100 80GB HBM3,
8600,15,2150,3,10,2086.069703199996,2117.248654900027,2117.7811399898637,19.69093807961356,2064.594432999911,2117.840304999845,NVIDIA H100 80GB HBM3,
8600,20,2150,3,10,2635.107751799956,2644.3254734998163,2649.5354380500044,7.832968699903546,2622.2404269999515,2650.1143230000253,NVIDIA H100 80GB HBM3,
8600,25,2150,3,10,2618.9134615000053,2627.988785399976,2629.6112915399544,8.042142104153916,2604.32975599997,2629.791569999952,NVIDIA H100 80GB HBM3,
8600,30,2150,3,10,3138.109202900011,3148.0683054000224,3149.175027840071,8.51968352527249,3125.3233549999777,3149.297997000076,NVIDIA H100 80GB HBM3,
8600,35,2150,3,10,3210.7433899999587,3238.8546657999427,3304.718753079961,40.3453667855882,3169.949146999897,3312.036984999964,NVIDIA H100 80GB HBM3,
8600,40,2150,3,10,3767.3211365999696,3790.865958299935,3881.238551729995,51.18023134689362,3686.871139999994,3891.279951000001,NVIDIA H100 80GB HBM3,
8600,45,2150,3,10,4049.373469700004,4067.151493300025,4075.180191430061,14.782661692838383,4031.767665999951,4076.072269000065,NVIDIA H100 80GB HBM3,
8600,50,2150,3,10,4132.28636220001,4173.502923100023,4228.290886510022,45.6117560030774,4075.053264999952,4234.378438000022,NVIDIA H100 80GB HBM3,
8600,55,2150,3,10,4333.1762884999935,4390.41905470005,4477.356498069999,67.45150831815732,4248.449988999937,4487.016213999994,NVIDIA H100 80GB HBM3,
8600,60,2150,3,10,4951.8684269000005,5008.591690699962,5037.7781833699655,52.63944563685278,4879.192789000001,5041.021126999965,NVIDIA H100 80GB HBM3,
8600,65,2150,3,10,4801.234141100008,4823.8360189000105,4830.721520289979,21.969928853185387,4757.660427000019,4831.486575999975,NVIDIA H100 80GB HBM3,
8600,70,2150,3,10,5609.050585799992,5640.880718800036,5665.854191679957,26.02620215404476,5584.047682999994,5668.629021999948,NVIDIA H100 80GB HBM3,
8600,75,2150,3,10,5858.663891900005,5889.567344099998,5892.685707210018,21.989208779420824,5826.261477999992,5893.032192000021,NVIDIA H100 80GB HBM3,
8600,80,2150,3,10,5822.267244200003,5886.323059300012,5951.242326129987,59.99554929649282,5750.180996000012,5958.455577999985,NVIDIA H100 80GB HBM3,
8600,85,2150,3,10,5954.898843300003,5991.261611300001,6070.957254529996,56.73317369849006,5871.749405000002,6079.812325999996,NVIDIA H100 80GB HBM3,
8600,90,2150,3,10,6377.346667200001,6409.323861600001,6422.33337366001,31.817785107377283,6332.220629999994,6423.778875000011,NVIDIA H100 80GB HBM3,
8600,95,2150,3,10,6708.736137300184,6754.879427300284,6774.423628129948,47.37838055195268,6633.80096300034,6776.595205999911,NVIDIA H100 80GB HBM3,
8600,100,2150,3,10,6941.077960400001,7409.908295399994,7482.034845840001,270.2335825863101,6744.616444000002,7490.048907000002,NVIDIA H100 80GB HBM3,
8700,5,2175,3,10,1743.472946600036,1765.514906799967,1782.7575533801496,26.99718221794587,1693.2358540000223,1784.67340300017,NVIDIA H100 80GB HBM3,
8700,10,2175,3,10,2239.209018400015,2346.7734417000884,2360.7117005700184,117.4930058381436,2026.8099790000635,2362.2603960000106,NVIDIA H100 80GB HBM3,
8700,15,2175,3,10,2168.095986799972,2180.0750352000023,2184.065680019951,9.002107110199532,2156.298772000127,2184.509084999945,NVIDIA H100 80GB HBM3,
8700,20,2175,3,10,2590.3414601000577,2612.812452200069,2622.221357120102,17.885139315669907,2565.12976099998,2623.266791000105,NVIDIA H100 80GB HBM3,
8700,25,2175,3,10,2629.464868000059,2676.992885499976,2678.3997461500667,35.92626872074748,2591.800016000434,2678.5560640000767,NVIDIA H100 80GB HBM3,
8700,30,2175,3,10,2882.2737343000085,2887.920557899986,2892.7390607899283,4.91246472997996,2875.100234000002,2893.2744499999217,NVIDIA H100 80GB HBM3,
8700,35,2175,3,10,3511.1284509000025,3526.129254099965,3526.241107810008,11.741037025855857,3492.950505000067,3526.253536000013,NVIDIA H100 80GB HBM3,
8700,40,2175,3,10,3700.626446499985,3728.721871400001,3774.7956466399833,32.261385052587656,3664.03828,3779.914954999981,NVIDIA H100 80GB HBM3,
8700,45,2175,3,10,3744.1953354000025,3782.026103499993,3963.217534749956,86.06998667484366,3699.660568000013,3983.349915999952,NVIDIA H100 80GB HBM3,
8700,50,2175,3,10,4201.135186499971,4237.727606499913,4238.795514549919,26.12571579956485,4174.492887000042,4238.914170999919,NVIDIA H100 80GB HBM3,
8700,55,2175,3,10,4658.3884963000055,4686.592887100073,4690.537952410064,29.658529426669165,4606.211121000001,4690.976293000063,NVIDIA H100 80GB HBM3,
8700,60,2175,3,10,4824.149017799999,4878.720454699976,4893.815223469982,40.41300519488315,4764.1848299999765,4895.492419999982,NVIDIA H100 80GB HBM3,
8700,65,2175,3,10,5290.634939300008,5364.978687099994,5378.22688591002,44.61456161000329,5250.460236000037,5379.698908000023,NVIDIA H100 80GB HBM3,
8700,70,2175,3,10,5410.322804099997,5462.603982599973,5472.835939860036,43.57152885128279,5349.852089000024,5473.972824000043,NVIDIA H100 80GB HBM3,
8700,75,2175,3,10,5755.439084899996,5781.048801100002,5794.097229609988,23.5233828910098,5721.353170999975,5795.547054999986,NVIDIA H100 80GB HBM3,
8700,80,2175,3,10,6137.051813799999,6187.578462699995,6213.057739270018,54.47196229233997,6016.661732000046,6215.8887700000205,NVIDIA H100 80GB HBM3,
8700,85,2175,3,10,6161.016459299995,6203.699744299985,6213.408876529992,40.65558352319251,6091.921200000002,6214.487668999993,NVIDIA H100 80GB HBM3,
8700,90,2175,3,10,6854.8268519999965,6950.194426300004,6995.688022029997,68.76884823553259,6796.881773999985,7000.742865999996,NVIDIA H100 80GB HBM3,
8700,95,2175,3,10,7011.3666077,7079.562946299997,7139.994213729996,62.64868433103391,6945.843353000001,7146.708798999995,NVIDIA H100 80GB HBM3,
8700,100,2175,3,10,7451.912901099999,7501.041096900005,7579.232534490006,53.49324179235298,7408.679666999994,7587.920472000007,NVIDIA H100 80GB HBM3,
8800,5,2200,3,10,2074.825796099958,2120.071569600009,2129.395030859908,40.56252295034973,1994.4279299998016,2130.430970999896,NVIDIA H100 80GB HBM3,
8800,10,2200,3,10,1942.1911485999767,1957.4331340998924,2000.7021523100184,24.20498717506959,1921.0178030000409,2005.5098210000324,NVIDIA H100 80GB HBM3,
8800,15,2200,3,10,2292.833153699985,2326.167155099961,2332.153865909848,27.09714182797753,2249.060644999872,2332.8190559998347,NVIDIA H100 80GB HBM3,
8800,20,2200,3,10,2376.752111999985,2385.416308899937,2387.455150989921,7.041592486590363,2367.5093809999908,2387.681688999919,NVIDIA H100 80GB HBM3,
8800,25,2200,3,10,2847.4853964000085,2870.8084213000006,2880.552667030008,16.891655189697744,2830.677180000066,2881.635361000008,NVIDIA H100 80GB HBM3,
8800,30,2200,3,10,3169.7347689000026,3210.9566362999885,3239.0924504300165,40.40619451885401,3128.888616999916,3242.21865200002,NVIDIA H100 80GB HBM3,
8800,35,2200,3,10,3506.078005099994,3524.953049399983,3530.858673540069,18.048568885205757,3474.633501999961,3531.514854000079,NVIDIA H100 80GB HBM3,
8800,40,2200,3,10,3858.1905676000015,3877.216781299944,3881.897498329945,18.356603653193726,3822.574551999992,3882.417577999945,NVIDIA H100 80GB HBM3,
8800,45,2200,3,10,4050.604660200008,4073.146881800051,4077.503367980088,23.28891718107016,4015.420610999968,4077.987422000092,NVIDIA H100 80GB HBM3,
8800,50,2200,3,10,4352.377711500003,4487.123512099981,4495.552421510002,99.3689109554771,4246.662557000036,4496.488967000005,NVIDIA H100 80GB HBM3,
8800,55,2200,3,10,4488.311643900034,4519.6435379999,4531.521045900313,39.15242117752616,4407.9020109998055,4532.840769000359,NVIDIA H100 80GB HBM3,
8800,60,2200,3,10,4888.339388799984,4909.828982899995,4911.8241011899645,13.717498703323743,4871.931265999991,4912.045780999961,NVIDIA H100 80GB HBM3,
8800,65,2200,3,10,5182.013327700002,5191.173692900008,5207.092759789993,11.736255398938244,5169.471296999973,5208.861544999991,NVIDIA H100 80GB HBM3,
8800,70,2200,3,10,5514.40348549999,5659.102369599952,5715.222033759998,122.4860880158376,5357.675298999993,5721.457552000004,NVIDIA H100 80GB HBM3,
8800,75,2200,3,10,5976.942385800001,5984.135756399999,5985.307124940016,7.530320839387003,5959.584671000016,5985.437277000017,NVIDIA H100 80GB HBM3,
8800,80,2200,3,10,5751.336425599993,5774.039680099983,5774.485788409999,17.40375909038259,5719.704567999997,5774.535356000001,NVIDIA H100 80GB HBM3,
8800,85,2200,3,10,6131.542909000018,6187.816800499695,6189.243692449745,51.38905812974468,6030.807365000328,6189.402235999751,NVIDIA H100 80GB HBM3,
8800,90,2200,3,10,6982.078864800002,7015.165062800014,7021.216822280008,32.32159408439691,6931.874020999999,7021.889240000008,NVIDIA H100 80GB HBM3,
8800,95,2200,3,10,7199.380852000002,7497.749497799992,7559.67387468,243.8303370818896,6972.389071000002,7566.554361000001,NVIDIA H100 80GB HBM3,
8800,100,2200,3,10,7352.734157000001,7422.046492500003,7483.553571149996,71.58821045851211,7260.239134999992,7490.387690999995,NVIDIA H100 80GB HBM3,
8900,5,2225,3,10,1748.27299829999,1788.0512573000033,1789.8424046300624,27.455965268812232,1717.4653950000902,1790.041421000069,NVIDIA H100 80GB HBM3,
8900,10,2225,3,10,1915.0952261999691,1947.732911199978,1961.8369406199577,26.868539008965037,1883.05827399995,1963.4040549999556,NVIDIA H100 80GB HBM3,
8900,15,2225,3,10,2118.212938300008,2187.610086100085,2217.368409610058,45.870240384278986,2088.608666000028,2220.674890000055,NVIDIA H100 80GB HBM3,
8900,20,2225,3,10,2685.019417599983,2702.889077299983,2724.4548275299007,18.508935564291377,2666.649955999901,2726.851021999892,NVIDIA H100 80GB HBM3,
8900,25,2225,3,10,2903.1103235000046,2910.4687067999407,2914.995333480041,8.591683914206818,2888.391169999977,2915.498292000052,NVIDIA H100 80GB HBM3,
8900,30,2225,3,10,3695.3940550999496,3766.9064878998815,3768.3651593899663,66.14864885587743,3580.860489000088,3768.527233999976,NVIDIA H100 80GB HBM3,
8900,35,2225,3,10,3299.853921400006,3307.4598072000754,3310.672811520021,10.052700413564152,3276.506812999969,3311.029812000015,NVIDIA H100 80GB HBM3,
8900,40,2225,3,10,3565.3621497999893,3588.58265889993,3599.543513289931,19.180800123179505,3537.961585000062,3600.761385999931,NVIDIA H100 80GB HBM3,
8900,45,2225,3,10,4043.417628000009,4075.8327739000265,4082.635865890094,29.876685461466835,4001.066596999976,4083.391765000101,NVIDIA H100 80GB HBM3,
8900,50,2225,3,10,4493.534745200009,4510.164814200095,4521.901991220039,13.651201753682288,4473.291173999996,4523.206122000033,NVIDIA H100 80GB HBM3,
8900,55,2225,3,10,4720.998665699999,4754.147909099998,4766.226970110015,25.25005186151907,4676.637445999972,4767.569088000017,NVIDIA H100 80GB HBM3,
8900,60,2225,3,10,5068.956702799988,5140.891936200001,5166.869488319994,45.567754263087934,5040.991641000005,5169.755882999993,NVIDIA H100 80GB HBM3,
8900,65,2225,3,10,5400.403103399998,5408.851301800012,5411.437848879981,8.80291407667086,5385.372322999956,5411.725242999978,NVIDIA H100 80GB HBM3,
8900,70,2225,3,10,5798.478084899994,5837.156517900007,5847.757570289959,30.946224946756757,5756.102896000016,5848.935464999954,NVIDIA H100 80GB HBM3,
8900,75,2225,3,10,5532.614849199997,5590.981944099999,5591.580858910003,33.7306008801625,5502.878813999985,5591.647405000003,NVIDIA H100 80GB HBM3,
8900,80,2225,3,10,6302.9757112000025,6329.658223199999,6331.128439620004,17.60671526473044,6281.188818999994,6331.291797000005,NVIDIA H100 80GB HBM3,
8900,85,2225,3,10,6154.8155259,6173.125528600002,6180.143608360007,15.275490777061034,6132.595234999997,6180.923395000008,NVIDIA H100 80GB HBM3,
8900,90,2225,3,10,6785.217122799998,6843.698736599987,6861.827148960002,50.56289349490476,6699.276800000007,6863.841417000003,NVIDIA H100 80GB HBM3,
8900,95,2225,3,10,7515.1100217,7547.7863198,7640.233092379993,63.2502633948005,7386.492779999998,7650.504955999992,NVIDIA H100 80GB HBM3,
8900,100,2225,3,10,7154.9374553,7186.758436500003,7271.791438649996,50.45059245456779,7104.672816000004,7281.239549999995,NVIDIA H100 80GB HBM3,
9000,5,2250,3,10,1673.3872119000123,1678.9867574000257,1688.64850543996,6.549341340223727,1667.8828059998525,1689.7220329999527,NVIDIA H100 80GB HBM3,
9000,10,2250,3,10,2068.979150699965,2094.5125513998846,2095.2231919399264,17.580608345717074,2047.8421569998773,2095.302151999931,NVIDIA H100 80GB HBM3,
9000,15,2250,3,10,2369.1293682999917,2388.2660692999707,2393.705254129959,16.912559332890552,2344.525214999976,2394.3096079999577,NVIDIA H100 80GB HBM3,
9000,20,2250,3,10,2734.044843999982,2754.43610749993,2759.023246850085,15.711552300379198,2708.009410999921,2759.532929000102,NVIDIA H100 80GB HBM3,
9000,25,2250,3,10,2783.8654391000546,2804.2389090998313,2813.5802025099247,23.240863104475093,2745.7551350003087,2814.618123999935,NVIDIA H100 80GB HBM3,
9000,30,2250,3,10,3366.5488664000004,3375.081909200003,3380.0784525199856,7.598421039665892,3355.7676929999616,3380.633623999984,NVIDIA H100 80GB HBM3,
9000,35,2250,3,10,3651.106807099995,3662.44609750006,3663.557032750034,7.81209243057245,3638.4200069999215,3663.680470000031,NVIDIA H100 80GB HBM3,
9000,40,2250,3,10,3969.074415699992,3985.754813899973,3995.615834089921,14.849206211693229,3951.7066600000135,3996.711502999915,NVIDIA H100 80GB HBM3,
9000,45,2250,3,10,4109.012458300015,4119.893690899994,4122.86514268998,8.03344158719144,4101.206939000008,4123.195303999978,NVIDIA H100 80GB HBM3,
9000,50,2250,3,10,4451.616767600012,4489.341189099991,4509.661214410078,31.617828451648744,4415.90721099999,4511.918995000087,NVIDIA H100 80GB HBM3,
9000,55,2250,3,10,4885.540169400008,4909.893819600052,4913.324927760041,19.06313527451016,4854.56643699996,4913.70616200004,NVIDIA H100 80GB HBM3,
9000,60,2250,3,10,5214.078873799997,5235.101114300005,5252.110736030012,27.15575733385838,5165.564873999983,5254.000694000013,NVIDIA H100 80GB HBM3,
9000,65,2250,3,10,5466.395535499999,5476.692384699993,5488.548182169971,13.77852395316508,5445.918801000005,5489.865492999968,NVIDIA H100 80GB HBM3,
9000,70,2250,3,10,5300.405962100007,5321.191944100002,5342.358662410032,22.23996487995589,5267.543434000004,5344.710520000035,NVIDIA H100 80GB HBM3,
9000,75,2250,3,10,5894.667840999995,5935.571187700003,5959.917363369989,35.51796356502135,5833.285606999965,5962.622493999988,NVIDIA H100 80GB HBM3,
9000,80,2250,3,10,6141.469940599995,6173.5189213999865,6224.405368339995,40.7163435441169,6090.977466999988,6230.059417999996,NVIDIA H100 80GB HBM3,
9000,85,2250,3,10,6760.197723000005,6845.610505000016,6853.103952700015,82.74888776419068,6646.635266999993,6853.936558000015,NVIDIA H100 80GB HBM3,
9000,90,2250,3,10,7808.679093299987,7956.378244299987,7982.025114729955,126.124484964151,7580.239889999973,7984.874766999951,NVIDIA H100 80GB HBM3,
9000,95,2250,3,10,7382.846605000002,7522.146047600001,7576.316025560007,111.52788263717596,7243.826239000001,7582.334912000007,NVIDIA H100 80GB HBM3,
9000,100,2250,3,10,7890.245851399998,7944.0386313,7948.76470023,36.90203836417909,7844.544389,7949.289819,NVIDIA H100 80GB HBM3,
9100,5,2275,3,10,1610.2371437999864,1614.6570418998408,1616.5885265900238,3.507544015241702,1605.9251410001707,1616.803136000044,NVIDIA H100 80GB HBM3,
9100,10,2275,3,10,2219.3993167999456,2241.7960190998656,2243.245863209927,16.477644086686926,2198.938709999993,2243.4069569999338,NVIDIA H100 80GB HBM3,
9100,15,2275,3,10,2297.408594799981,2313.201448500149,2316.385108949903,14.033867277403086,2274.751728999945,2316.738848999876,NVIDIA H100 80GB HBM3,
9100,20,2275,3,10,2776.408536999986,2845.295818100044,2853.4022341099603,49.62055689809655,2729.608633999987,2854.302946999951,NVIDIA H100 80GB HBM3,
9100,25,2275,3,10,2766.153963600016,2776.0250922999376,2777.410988529992,7.856428236480876,2755.8723890000465,2777.5649769999973,NVIDIA H100 80GB HBM3,
9100,30,2275,3,10,3430.5963058999964,3491.4898795,3493.569761049978,71.32177337910804,3312.7770849999933,3493.8008589999754,NVIDIA H100 80GB HBM3,
9100,35,2275,3,10,3594.348238999987,3607.5141425000425,3624.926141450059,14.987456498608912,3577.4889350000194,3626.860808000061,NVIDIA H100 80GB HBM3,
9100,40,2275,3,10,3892.7106998,3923.742855600051,3931.171880759975,20.82704758983221,3864.514341000017,3931.997327999966,NVIDIA H100 80GB HBM3,
9100,45,2275,3,10,3914.7244053999993,3919.2330822000154,3920.364200220096,5.043245046424909,3906.257068999935,3920.4898800001047,NVIDIA H100 80GB HBM3,
9100,50,2275,3,10,4222.651955899994,4227.369717200019,4230.263362820046,4.300052593237646,4218.105904000026,4230.584879000048,NVIDIA H100 80GB HBM3,
9100,55,2275,3,10,4719.907848500015,4758.060295000001,4770.082695700017,26.926971930094453,4685.82789300001,4771.418518000019,NVIDIA H100 80GB HBM3,
9100,60,2275,3,10,5097.6262370000095,5177.770424700014,5190.029772269983,64.97779547278839,5027.8917800000045,5191.39192199998,NVIDIA H100 80GB HBM3,
9100,65,2275,3,10,5341.956712700017,5356.709780900019,5369.311598090036,13.997775206822528,5325.728032000029,5370.711800000037,NVIDIA H100 80GB HBM3,
9100,70,2275,3,10,5552.646785100001,5589.063786899993,5593.681733790009,43.88977574406006,5450.442814000042,5594.194839000011,NVIDIA H100 80GB HBM3,
9100,75,2275,3,10,6321.699614799997,6381.6977715,6395.863314749991,64.97320011159744,6201.20964299997,6397.43726399999,NVIDIA H100 80GB HBM3,
9100,80,2275,3,10,6292.649207700004,6330.764442099985,6343.248859509998,28.597442328079424,6257.087618000014,6344.636016999999,NVIDIA H100 80GB HBM3,
9100,85,2275,3,10,6701.512512899996,6781.439521200016,6807.473983920011,53.723192014472495,6649.400549000006,6810.36670200001,NVIDIA H100 80GB HBM3,
9100,90,2275,3,10,7151.056046099999,7189.606526800001,7315.526387380003,69.05110466653028,7083.958482,7329.517483000003,NVIDIA H100 80GB HBM3,
9100,95,2275,3,10,7447.120897400001,7627.297039599992,7635.289938160009,119.8625593593772,7317.935346999995,7636.178038000011,NVIDIA H100 80GB HBM3,
9100,100,2275,3,10,7778.9179761,7784.8778103000095,7858.5262527299965,31.09981718337709,7763.175713000002,7866.709412999995,NVIDIA H100 80GB HBM3,
9200,5,2300,3,10,1927.1780002000244,1944.619014899945,1953.6545478898731,16.82938564486651,1901.1866809998992,1954.6584959998652,NVIDIA H100 80GB HBM3,
9200,10,2300,3,10,1971.069018999924,1981.3588820998575,1981.6637345096797,9.161601682356617,1955.34259499982,1981.69760699966,NVIDIA H100 80GB HBM3,
9200,15,2300,3,10,2464.376763699965,2468.985255600137,2476.094589960153,5.928148618744113,2455.652762,2476.8845160001547,NVIDIA H100 80GB HBM3,
9200,20,2300,3,10,2679.896130400005,2703.157158799945,2714.337449479988,21.040623768948706,2638.95624700001,2715.5797039999925,NVIDIA H100 80GB HBM3,
9200,25,2300,3,10,3041.2112685999887,3083.3170471000017,3090.239388909985,38.17482707644295,2974.233163000008,3091.0085379999828,NVIDIA H100 80GB HBM3,
9200,30,2300,3,10,3262.913781799989,3326.9444191000275,3333.1580757100096,47.2905174716047,3217.5635489999195,3333.848482000008,NVIDIA H100 80GB HBM3,
9200,35,2300,3,10,3407.367088199999,3455.3832245000194,3483.412387550052,35.10610215314079,3369.9964769999724,3486.5267390000554,NVIDIA H100 80GB HBM3,
9200,40,2300,3,10,3884.174875899987,3916.793674200017,3935.2299319199255,30.413677827388288,3833.781197000008,3937.278404999915,NVIDIA H100 80GB HBM3,
9200,45,2300,3,10,4212.91925219997,4223.911679599984,4238.14945135994,12.646147512628009,4194.898383000009,4239.731425999935,NVIDIA H100 80GB HBM3,
9200,50,2300,3,10,4233.038307400023,4244.118261600044,4249.099013160079,13.149079837941354,4206.09124300006,4249.652430000083,NVIDIA H100 80GB HBM3,
9200,55,2300,3,10,4829.522133400002,4866.73190510001,4902.990964610027,42.779351888549655,4766.07371099999,4907.019749000028,NVIDIA H100 80GB HBM3,
9200,60,2300,3,10,5313.673027499988,5336.272737399986,5349.708202540004,28.748035225625117,5248.338850999971,5351.201032000006,NVIDIA H100 80GB HBM3,
9200,65,2300,3,10,5419.548279300011,5441.334744800049,5463.443280080044,24.87776389415457,5377.580216000013,5465.899784000044,NVIDIA H100 80GB HBM3,
9200,70,2300,3,10,5895.712401099997,5937.357634800014,5962.45345817998,42.35292344947323,5806.449816999986,5965.241882999976,NVIDIA H100 80GB HBM3,
9200,75,2300,3,10,5929.437264600002,5965.855532500003,5969.138669050006,24.745623898273923,5899.7295179999865,5969.503462000006,NVIDIA H100 80GB HBM3,
9200,80,2300,3,10,6632.3129779000055,6667.346997400005,6679.772238640012,28.37992908392729,6600.188685999996,6681.152821000012,NVIDIA H100 80GB HBM3,
9200,85,2300,3,10,6257.233889199993,6269.4455838999975,6283.9151395900135,11.770492661541509,6244.137548999987,6285.522868000016,NVIDIA H100 80GB HBM3,
9200,90,2300,3,10,7261.3243858,7296.560583700002,7389.337560070003,57.216368208882784,7191.506885999999,7399.646113000002,NVIDIA H100 80GB HBM3,
9200,95,2300,3,10,7689.227138299997,7792.9973387,7880.642341369989,134.5637354988324,7383.597258999998,7890.380674999988,NVIDIA H100 80GB HBM3,
9200,100,2300,3,10,8079.545451899998,8150.575775300002,8179.611402229995,60.09374324429775,7999.426460999999,8182.837582999994,NVIDIA H100 80GB HBM3,
9300,5,2325,3,10,1942.389780799999,1952.0873832999769,1955.5584382300049,8.378218484958957,1926.8218049999175,1955.944111000008,NVIDIA H100 80GB HBM3,
9300,10,2325,3,10,2129.685669100036,2138.110194900014,2141.122268190086,7.457058362689708,2117.754730999877,2141.456943000094,NVIDIA H100 80GB HBM3,
9300,15,2325,3,10,2416.3024652000104,2430.6411015001686,2433.265189650156,10.518039188561952,2402.369441999781,2433.556755000154,NVIDIA H100 80GB HBM3,
9300,20,2325,3,10,2822.555215999978,2826.447936699992,2829.145015569941,4.282996790602729,2817.1930020000677,2829.444690999935,NVIDIA H100 80GB HBM3,
9300,25,2325,3,10,3120.63514350001,3126.5653579000286,3128.0077159899715,4.703626338390664,3113.0715859999327,3128.167977999965,NVIDIA H100 80GB HBM3,
9300,30,2325,3,10,3376.230178100001,3383.462806599937,3387.3265681600287,7.09880177656235,3362.57854400003,3387.755875000039,NVIDIA H100 80GB HBM3,
9300,35,2325,3,10,3766.135566600008,3776.120870100067,3788.7006164100535,10.9172208218451,3754.932144000009,3790.098366000052,NVIDIA H100 80GB HBM3,
9300,40,2325,3,10,4110.985169400022,4138.112914700014,4143.50905126998,23.71698803106663,4078.079681000077,4144.108621999976,NVIDIA H100 80GB HBM3,
9300,45,2325,3,10,4334.218109899995,4371.958894299939,4383.404950029977,43.17477098634694,4259.546386000011,4384.6767339999815,NVIDIA H100 80GB HBM3,
9300,50,2325,3,10,4634.136654900004,4693.878970399965,4712.535266239996,47.06410096278306,4579.549964999956,4714.608188,NVIDIA H100 80GB HBM3,
9300,55,2325,3,10,5085.740004699995,5383.743490400018,5389.588243040024,215.017015496728,4869.870902000002,5390.237660000025,NVIDIA H100 80GB HBM3,
9300,60,2325,3,10,5286.329952400013,5315.420815900006,5321.296903390006,20.27117045792324,5259.7136840000185,5321.949802000007,NVIDIA H100 80GB HBM3,
9300,65,2325,3,10,5486.285603099998,5516.596993099989,5525.66146090997,23.86717388501992,5456.284922999998,5526.668623999967,NVIDIA H100 80GB HBM3,
9300,70,2325,3,10,5582.774178399999,5627.053082200007,5631.256724619991,38.829195352019255,5521.007779000001,5631.723795999988,NVIDIA H100 80GB HBM3,
9300,75,2325,3,10,6109.35245119999,6128.167595199983,6135.317977119954,13.877517188554217,6092.914564000012,6136.112463999951,NVIDIA H100 80GB HBM3,
9300,80,2325,3,10,6933.770635000005,7157.768873999996,7207.687440600009,166.41001360354778,6773.50769200001,7213.23394800001,NVIDIA H100 80GB HBM3,
9300,85,2325,3,10,6931.280986099999,7005.255721000009,7018.62063189999,43.96646580659173,6897.126976999999,7020.105621999988,NVIDIA H100 80GB HBM3,
9300,90,2325,3,10,7097.476833400002,7180.401560599998,7218.168876560006,68.06291498532934,7028.841158000006,7222.365245000006,NVIDIA H100 80GB HBM3,
9300,95,2325,3,10,7472.451498100001,7667.345994299999,7674.711675030001,153.78877122393703,7318.491513999995,7675.530084000002,NVIDIA H100 80GB HBM3,
9300,100,2325,3,10,8173.112551399999,8216.222258500004,8375.712866350006,90.26373513307504,8030.924548000002,8393.434045000007,NVIDIA H100 80GB HBM3,
9400,5,2350,3,10,1987.2133695999764,1996.317108699941,1999.7354115701685,8.721466126041214,1973.594682000112,2000.1152230001933,NVIDIA H100 80GB HBM3,
9400,10,2350,3,10,2134.955826300052,2146.4286182000023,2169.640749320099,17.047761932089127,2111.8498630000886,2172.21987500011,NVIDIA H100 80GB HBM3,
9400,15,2350,3,10,2246.8833621999806,2249.373695700035,2249.442146370033,2.444875759218734,2241.769078999937,2249.4497520000323,NVIDIA H100 80GB HBM3,
9400,20,2350,3,10,2728.725669800008,2739.791719799939,2743.489457279992,8.299580300485745,2719.7089329999926,2743.900316999998,NVIDIA H100 80GB HBM3,
9400,25,2350,3,10,2954.445448900003,3053.5212099000773,3072.084060089971,62.62768512824268,2899.4412460000376,3074.14659899996,NVIDIA H100 80GB HBM3,
9400,30,2350,3,10,3551.425042799997,3596.659461700005,3608.228162770056,35.36452674244416,3501.9736259999945,3609.5135740000615,NVIDIA H100 80GB HBM3,
9400,35,2350,3,10,3569.3096061999763,3604.4565757998953,3609.118294280065,32.68099084983907,3515.513903000283,3609.636263000084,NVIDIA H100 80GB HBM3,
9400,40,2350,3,10,4152.030365199994,4165.277389700009,4165.97040707004,9.274004020618618,4139.209198999993,4166.047409000043,NVIDIA H100 80GB HBM3,
9400,45,2350,3,10,4663.6472555999935,4867.69015369997,4881.437681869988,155.14659318224116,4519.564405999972,4882.965184999989,NVIDIA H100 80GB HBM3,
9400,50,2350,3,10,4388.859247700008,4393.008991399977,4398.231412939974,4.946711129794643,4380.828150000014,4398.811681999973,NVIDIA H100 80GB HBM3,
9400,55,2350,3,10,5028.120720799984,5150.050210599971,5188.608208059973,78.58236199270351,4950.597458000004,5192.892429999973,NVIDIA H100 80GB HBM3,
9400,60,2350,3,10,4970.019557900008,4983.711186600016,4986.3122148599805,13.66381948326606,4943.001839000033,4986.601217999976,NVIDIA H100 80GB HBM3,
9400,65,2350,3,10,5695.569877100008,5708.138543300026,5722.2280583299935,15.09401166687204,5664.543655999978,5723.79355999999,NVIDIA H100 80GB HBM3,
9400,70,2350,3,10,5987.309362499997,6060.613912099995,6074.740847510015,62.535493772058935,5908.416697999996,6076.3105070000165,NVIDIA H100 80GB HBM3,
9400,75,2350,3,10,6528.161677000002,6565.170561300005,6600.956574329994,46.15717747031522,6432.336772999975,6604.9327979999925,NVIDIA H100 80GB HBM3,
9400,80,2350,3,10,6443.393842400006,6474.858087500002,6489.697210550001,29.876003531291285,6402.232760999994,6491.346002,NVIDIA H100 80GB HBM3,
9400,85,2350,3,10,7027.757717699997,7076.611621500008,7104.220345950003,60.1917368892647,6945.565891000001,7107.287982000003,NVIDIA H100 80GB HBM3,
9400,90,2350,3,10,7417.325496499999,7783.678509700003,7799.278791369999,247.3824818544556,7134.144453999994,7801.012155999999,NVIDIA H100 80GB HBM3,
9400,95,2350,3,10,7839.086008299999,7890.678850299997,7980.258113529994,68.3022269836327,7747.439129,7990.211364999994,NVIDIA H100 80GB HBM3,
9400,100,2350,3,10,7930.904883599998,8056.095750199994,8301.128495419991,155.07403643033115,7820.990572,8328.35435599999,NVIDIA H100 80GB HBM3,
9500,5,2375,3,10,1668.3675622000237,1671.127103800109,1672.256849679875,2.05580327628043,1665.848293999943,1672.382376999849,NVIDIA H100 80GB HBM3,
9500,10,2375,3,10,1982.4833078999973,1985.788635699828,1987.1006793700096,3.821258548533276,1976.2337020001723,1987.24646200003,NVIDIA H100 80GB HBM3,
9500,15,2375,3,10,2548.650809100013,2556.943209699989,2563.46442816987,11.001980093286594,2529.1445340001246,2564.189007999857,NVIDIA H100 80GB HBM3,
9500,20,2375,3,10,2627.3768549000124,2642.4382892999915,2671.767581729954,19.21508663039221,2600.3738040000144,2675.0263919999497,NVIDIA H100 80GB HBM3,
9500,25,2375,3,10,3149.604278599997,3165.1010076000034,3174.697851960001,13.684735753316954,3130.5294789999607,3175.7641680000006,NVIDIA H100 80GB HBM3,
9500,30,2375,3,10,3449.3147031999906,3498.0790969000623,3500.226389889978,37.96213399874837,3407.0988549999583,3500.464977999968,NVIDIA H100 80GB HBM3,
9500,35,2375,3,10,3788.553267700013,3796.7167707999465,3798.72872007997,7.245395415658636,3777.749430999961,3798.952269999973,NVIDIA H100 80GB HBM3,
9500,40,2375,3,10,3811.1455895000063,3826.666655400084,3839.350003139995,15.189175887734075,3785.277307999991,3840.759263999985,NVIDIA H100 80GB HBM3,
9500,45,2375,3,10,4057.9669888999942,4080.889634399955,4094.800982639929,16.995900098196834,4041.66834199998,4096.346687999926,NVIDIA H100 80GB HBM3,
9500,50,2375,3,10,4447.676697100007,4478.061301499997,4492.761712050001,25.48560115283162,4416.590795000047,4494.395091000001,NVIDIA H100 80GB HBM3,
9500,55,2375,3,10,4708.68777479999,4725.5699614999685,4730.264539249988,13.67192590940886,4685.938487999976,4730.78615899999,NVIDIA H100 80GB HBM3,
9500,60,2375,3,10,5422.962361200007,5462.264794800023,5467.2732418800015,28.50316561397733,5387.38392700003,5467.829735999999,NVIDIA H100 80GB HBM3,
9500,65,2375,3,10,5635.565401999998,5651.691157400023,5688.31149553999,23.218285367117428,5607.493954999995,5692.380421999986,NVIDIA H100 80GB HBM3,
9500,70,2375,3,10,6082.333527500001,6113.977269999987,6117.139777299996,22.31306802592851,6049.343206000003,6117.491166999997,NVIDIA H100 80GB HBM3,
9500,75,2375,3,10,6701.290102500005,6757.327541099994,6818.127494610006,63.47173214931153,6597.8723370000125,6824.883045000007,NVIDIA H100 80GB HBM3,
9500,80,2375,3,10,6785.288298499994,6864.748669499993,6876.186562049984,69.99745244982059,6624.963945000005,6877.457438999983,NVIDIA H100 80GB HBM3,
9500,85,2375,3,10,7179.187911399999,7262.387935700008,7333.274953670003,68.69714045305308,7131.342744999998,7341.151289000002,NVIDIA H100 80GB HBM3,
9500,90,2375,3,10,7233.727609200001,7286.245462200006,7338.854178119996,55.90823685835484,7145.513325000004,7344.699590999994,NVIDIA H100 80GB HBM3,
9500,95,2375,3,10,7848.264835900003,7876.009859700005,7978.438407270002,51.58232957989653,7814.279933999998,7989.819357000002,NVIDIA H100 80GB HBM3,
9500,100,2375,3,10,8082.540769400002,8141.658959699997,8264.796712469997,85.42865955181553,7971.641660000003,8278.478684999996,NVIDIA H100 80GB HBM3,
9600,5,2400,3,10,1638.6247801999846,1644.310917100006,1677.3371208099184,15.57762651105912,1627.3813899999825,1681.0066989999086,NVIDIA H100 80GB HBM3,
9600,10,2400,3,10,2188.8124952000226,2206.25449949996,2210.9254657501265,17.993891333176744,2160.5023530000835,2211.444462000145,NVIDIA H100 80GB HBM3,
9600,15,2400,3,10,2455.2799781000203,2576.911549900035,2739.4988233899985,138.73069614231082,2289.4599160000557,2757.564075999994,NVIDIA H100 80GB HBM3,
9600,20,2400,3,10,2876.5785171999937,2886.1020680000365,2890.2232184000263,7.616367818076976,2865.9541119999403,2890.681124000025,NVIDIA H100 80GB HBM3,
9600,25,2400,3,10,3179.0240591999805,3191.460516499967,3191.997663949948,8.239530172129676,3166.5429349999386,3192.057346999946,NVIDIA H100 80GB HBM3,
9600,30,2400,3,10,3456.624670600013,3469.0462909000416,3495.4841311899872,17.432781431576103,3435.4687709999325,3498.421668999981,NVIDIA H100 80GB HBM3,
9600,35,2400,3,10,3574.551636800106,3641.583367000021,3645.2016775001266,39.23894164238267,3530.1817240001583,3645.6037120001383,NVIDIA H100 80GB HBM3,
9600,40,2400,3,10,4208.641340899976,4226.680691299986,4228.016634830011,12.197271425119231,4187.276592999979,4228.165073000014,NVIDIA H100 80GB HBM3,
9600,45,2400,3,10,4521.990332100018,4572.290972900009,4579.807545290014,34.406305075618775,4469.497083000078,4580.642720000014,NVIDIA H100 80GB HBM3,
9600,50,2400,3,10,4756.309706599989,4774.7042743999655,4784.173598839979,16.726213761023303,4737.675609000007,4785.22574599998,NVIDIA H100 80GB HBM3,
9600,55,2400,3,10,5214.666161500008,5346.1430636000105,5348.443492760018,208.8763545526574,4807.155142,5348.6990960000185,NVIDIA H100 80GB HBM3,
9600,60,2400,3,10,5454.396578000001,5585.738381099964,5605.391881709975,85.67754047607016,5339.634723000017,5607.575603999976,NVIDIA H100 80GB HBM3,
9600,65,2400,3,10,5644.462679400004,5688.234973199991,5707.830875520021,38.66371322769726,5585.135073000003,5710.008198000025,NVIDIA H100 80GB HBM3,
9600,70,2400,3,10,5913.429479000004,5946.0239373,5958.326835329998,30.569423791231188,5863.495035,5959.693823999998,NVIDIA H100 80GB HBM3,
9600,75,2400,3,10,6640.757764099998,6702.456236,6708.123498199997,45.83827393072157,6563.780746999982,6708.753193999996,NVIDIA H100 80GB HBM3,
9600,80,2400,3,10,6484.1870402,6592.446277999991,6643.557294199997,80.39607716083702,6397.515045999995,6649.236295999998,NVIDIA H100 80GB HBM3,
9600,85,2400,3,10,7127.0308264000005,7182.677418100003,7290.308550309995,70.42532267820123,7054.845536999998,7302.267564999994,NVIDIA H100 80GB HBM3,
9600,90,2400,3,10,7510.563146900003,7587.100083999998,7644.120568600011,68.27432381144668,7450.699044000004,7650.456178000013,NVIDIA H100 80GB HBM3,
9600,95,2400,3,10,7420.434173599997,7505.833714000001,7509.225402699998,57.64289076019212,7315.958265999996,7509.602256999998,NVIDIA H100 80GB HBM3,
9600,100,2400,3,10,8241.661498099998,8333.455792099996,8412.254707009999,81.45062951208699,8160.007191999995,8421.010142,NVIDIA H100 80GB HBM3,
9700,5,2425,3,10,1988.06779099998,1996.3657271998727,1996.6449601198972,7.016497929959729,1974.5749890000752,1996.6759859999,NVIDIA H100 80GB HBM3,
9700,10,2425,3,10,2160.4731280000124,2196.3053268001204,2197.270302480124,36.89072752278543,2108.183288999953,2197.3775220001244,NVIDIA H100 80GB HBM3,
9700,15,2425,3,10,2566.9652144999877,2572.8716160999056,2572.9443873099785,5.936826251856162,2558.292323999922,2572.952472999986,NVIDIA H100 80GB HBM3,
9700,20,2425,3,10,2981.2018380999693,3005.3971284999875,3133.4421512500594,61.06906123804533,2943.11423299996,3147.669376000067,NVIDIA H100 80GB HBM3,
9700,25,2425,3,10,3263.537629999985,3295.8072782999693,3311.1880224299707,21.769232322853977,3248.867702999973,3312.8969939999706,NVIDIA H100 80GB HBM3,
9700,30,2425,3,10,3602.270372900011,3638.939088200016,3649.533962720013,37.08154881698553,3541.6395680000505,3650.711171000012,NVIDIA H100 80GB HBM3,
9700,35,2425,3,10,3841.330081100011,3909.913561700069,3935.224479770038,62.031212181562985,3754.6543600000177,3938.036804000035,NVIDIA H100 80GB HBM3,
9700,40,2425,3,10,4181.804277800005,4226.125581800034,4242.189816079986,30.844686348563695,4154.945674000032,4243.97473099998,NVIDIA H100 80GB HBM3,
9700,45,2425,3,10,4650.599219300011,4679.632319499979,4719.245073850059,34.09747533675796,4604.679461999922,4723.646491000068,NVIDIA H100 80GB HBM3,
9700,50,2425,3,10,4929.5079018000015,4993.048700400004,5019.558092040032,48.86925359838801,4867.1509769999375,5022.503580000034,NVIDIA H100 80GB HBM3,
9700,55,2425,3,10,4831.359337600009,4846.021184200032,4854.030943720018,12.430093131832267,4810.677460000023,4854.920917000016,NVIDIA H100 80GB HBM3,
9700,60,2425,3,10,5486.9790905,5538.165527099977,5585.720279609985,46.6475405192236,5441.432566000003,5591.004140999985,NVIDIA H100 80GB HBM3,
9700,65,2425,3,10,5971.066765999995,6005.384210599976,6021.15336025999,23.9985751291426,5949.191375999988,6022.905487999992,NVIDIA H100 80GB HBM3,
9700,70,2425,3,10,6358.829465600011,6380.792903300039,6388.133279630021,17.809325413939902,6334.367692000001,6388.948877000019,NVIDIA H100 80GB HBM3,
9700,75,2425,3,10,6684.077289400006,6699.969218100012,6713.024240010025,19.697119434637106,6644.729984000009,6714.474798000027,NVIDIA H100 80GB HBM3,
9700,80,2425,3,10,6994.118120699997,7028.280805499987,7074.434326050003,43.27668906669203,6929.673914999995,7079.562495000005,NVIDIA H100 80GB HBM3,
9700,85,2425,3,10,7383.5751062,7468.771504700002,7581.512777869994,88.80466343603933,7288.821812999999,7594.0395859999935,NVIDIA H100 80GB HBM3,
9700,90,2425,3,10,8001.431216599997,8207.7165365,8242.302244549997,146.37609624519115,7846.397035999999,8246.145100999996,NVIDIA H100 80GB HBM3,
9700,95,2425,3,10,7687.2364116,7756.126247099999,7757.524243110001,57.95108737810123,7592.534270000002,7757.679576000001,NVIDIA H100 80GB HBM3,
9700,100,2425,3,10,7923.095470799999,7980.523902799998,8049.493400479999,67.10052050462207,7838.003028999999,8057.1566779999985,NVIDIA H100 80GB HBM3,
9800,5,2450,3,10,1995.4277749999849,2010.1222819999064,2015.037556399991,13.139873888218244,1976.4467549998697,2015.5836980000004,NVIDIA H100 80GB HBM3,
9800,10,2450,3,10,2093.094977999908,2108.2796283996686,2117.187752439959,13.52277478332871,2069.444174999717,2118.177543999991,NVIDIA H100 80GB HBM3,
9800,15,2450,3,10,2734.787209400065,2767.1635870999808,2775.367227410132,26.868848139281805,2684.396662999916,2776.278743000148,NVIDIA H100 80GB HBM3,
9800,20,2450,3,10,2814.416412500009,2821.8548756999667,2826.302008170002,8.227029244073444,2798.2270239999707,2826.7961340000056,NVIDIA H100 80GB HBM3,
9800,25,2450,3,10,3242.5788609999927,3307.4190791999854,3307.9021243199877,51.52513482679246,3175.280748999967,3307.9557959999875,NVIDIA H100 80GB HBM3,
9800,30,2450,3,10,3679.345781299981,3691.045566299988,3706.0800435299952,12.41115468275133,3666.290219999951,3707.750540999996,NVIDIA H100 80GB HBM3,
9800,35,2450,3,10,3987.0310888999934,4014.004610100028,4022.38018911001,30.507753513633325,3917.6673579999033,4023.3108090000087,NVIDIA H100 80GB HBM3,
9800,40,2450,3,10,4291.177572799995,4338.107455099907,4359.135355609997,41.91558804631138,4212.834792999956,4361.471789000007,NVIDIA H100 80GB HBM3,
9800,45,2450,3,10,4384.769878799978,4399.316120499963,4404.511675149955,11.278649188743117,4368.295662000037,4405.088958999954,NVIDIA H100 80GB HBM3,
9800,50,2450,3,10,4919.737548300026,4964.472719700001,4984.035772469987,40.10276574868906,4855.708714999992,4986.209444999986,NVIDIA H100 80GB HBM3,
9800,55,2450,3,10,5226.491169600013,5324.858646199959,5333.044848019988,91.47335927984744,5109.821066000051,5333.954425999991,NVIDIA H100 80GB HBM3,
9800,60,2450,3,10,5341.511469599999,5406.578643299991,5408.54647593001,40.62827166911179,5277.091474000031,5408.765124000012,NVIDIA H100 80GB HBM3,
9800,65,2450,3,10,5888.2508856,5954.852706700006,5961.4827324699645,64.27351216371284,5802.307359999986,5962.21940199996,NVIDIA H100 80GB HBM3,
9800,70,2450,3,10,6327.829281,6367.864677999995,6401.845125699999,47.088227837752896,6247.817735000012,6405.620730999999,NVIDIA H100 80GB HBM3,
9800,75,2450,3,10,6634.158563199994,6670.110780899995,6672.423791790011,22.99226563257324,6602.993344999987,6672.680793000012,NVIDIA H100 80GB HBM3,
9800,80,2450,3,10,7128.658886400006,7147.46992250002,7179.567108050002,24.830304694236887,7100.55773900001,7183.133462000001,NVIDIA H100 80GB HBM3,
9800,85,2450,3,10,6837.331776399999,6918.243362999997,7053.373289699997,89.58877547662117,6774.858505000005,7068.387725999997,NVIDIA H100 80GB HBM3,
9800,90,2450,3,10,7990.468233200001,8096.913477000001,8153.541751500006,82.11421640470536,7907.608087,8159.833782000007,NVIDIA H100 80GB HBM3,
9800,95,2450,3,10,7986.722909999999,8028.223561700004,8096.842085569998,49.93332096048332,7939.805562999993,8104.466365999997,NVIDIA H100 80GB HBM3,
9800,100,2450,3,10,8060.171302699999,8097.393489799998,8191.556036779992,60.63813097445513,7992.085891000002,8202.01854199999,NVIDIA H100 80GB HBM3,
9900,5,2475,3,10,1942.022143800045,1947.6145787999255,1948.7618611800667,4.263951628319584,1936.3731140001616,1948.8893370000824,NVIDIA H100 80GB HBM3,
9900,10,2475,3,10,2248.2041758999685,2258.221797799797,2272.204445479938,10.335385050979834,2239.2373410000346,2273.7580729999536,NVIDIA H100 80GB HBM3,
9900,15,2475,3,10,2608.347958899958,2651.261365199821,2663.4196450200056,42.77981446105612,2535.1749980000022,2664.770565000026,NVIDIA H100 80GB HBM3,
9900,20,2475,3,10,2901.4568517000384,2914.2593291000708,2915.6991373100905,11.40999747681813,2883.360165999989,2915.8591160000924,NVIDIA H100 80GB HBM3,
9900,25,2475,3,10,3357.1527632999846,3368.722866099949,3371.869149910018,9.015472260273748,3339.808745000028,3372.2187370000256,NVIDIA H100 80GB HBM3,
9900,30,2475,3,10,3644.070900099973,3656.0650513000496,3660.680968329938,8.896944679416979,3634.092907999957,3661.193847999925,NVIDIA H100 80GB HBM3,
9900,35,2475,3,10,4084.472574500012,4099.362537699994,4109.2797621699765,16.441994613225894,4058.019026000011,4110.381675999975,NVIDIA H100 80GB HBM3,
9900,40,2475,3,10,4357.441038799982,4388.024004299984,4406.595435630019,25.49445511903728,4331.966146000013,4408.658928000023,NVIDIA H100 80GB HBM3,
9900,45,2475,3,10,4615.620195299993,4661.568709599965,4684.6899700600425,50.18008126093856,4500.332823999997,4687.258999000051,NVIDIA H100 80GB HBM3,
9900,50,2475,3,10,4936.35251620001,4964.589808500028,4980.660123449998,25.754814538418724,4904.799286000014,4982.445713999994,NVIDIA H100 80GB HBM3,
9900,55,2475,3,10,5390.497704,5401.602215199983,5402.938976019975,8.468008792444435,5380.456046000007,5403.087504999974,NVIDIA H100 80GB HBM3,
9900,60,2475,3,10,5246.0501611000045,5254.3842659999655,5261.290544700016,7.469503903854982,5237.626153000008,5262.057909000021,NVIDIA H100 80GB HBM3,
9900,65,2475,3,10,5622.469793499993,5644.243290899994,5653.30566728999,20.044543711309995,5592.309536999977,5654.3125979999895,NVIDIA H100 80GB HBM3,
9900,70,2475,3,10,6530.771895499996,6575.1371631999655,6581.944412920012,42.51785177239766,6450.7961249999535,6582.700774000017,NVIDIA H100 80GB HBM3,
9900,75,2475,3,10,6866.661492300003,6888.842716400018,6919.906373539998,28.002213780936223,6827.051205000003,6923.357890999995,NVIDIA H100 80GB HBM3,
9900,80,2475,3,10,7174.449820999995,7231.8621793999855,7232.50168574,58.10261896331498,7070.782289999983,7232.572742000002,NVIDIA H100 80GB HBM3,
9900,85,2475,3,10,7076.970554299999,7121.480444599993,7192.006720160001,49.26938490879501,7032.423891999997,7199.8429730000025,NVIDIA H100 80GB HBM3,
9900,90,2475,3,10,7714.609594299999,7791.237006599997,7927.107286260002,87.18610037213574,7646.392989999996,7942.203984000002,NVIDIA H100 80GB HBM3,
9900,95,2475,3,10,8276.233812599998,8356.1140645,8500.770186550006,105.28898061230352,8138.264578999994,8516.843089000005,NVIDIA H100 80GB HBM3,
9900,100,2475,3,10,8410.660976399995,8555.07832309999,8570.316457009994,108.1862464844294,8291.041680999995,8572.009582999995,NVIDIA H100 80GB HBM3,
10000,5,2500,3,10,1812.9543585000424,1827.839979600003,1831.952475959979,12.246354440030409,1794.033324000111,1832.4094199999763,NVIDIA H100 80GB HBM3,
10000,10,2500,3,10,2329.881995300047,2337.120692900089,2337.206203790065,6.120241787568372,2319.637333999935,2337.2157050000624,NVIDIA H100 80GB HBM3,
10000,15,2500,3,10,2402.191978000019,2410.283604400047,2416.143657940081,8.752454590037091,2389.7629630000665,2416.794775000085,NVIDIA H100 80GB HBM3,
10000,20,2500,3,10,3082.112952900002,3099.123812900041,3120.8795129900263,16.855541178599516,3066.233227999988,3123.2968130000245,NVIDIA H100 80GB HBM3,
10000,25,2500,3,10,3020.837067100001,3064.8578506999456,3078.495429469947,30.99122048862676,2983.4380180000157,3080.010715999947,NVIDIA H100 80GB HBM3,
10000,30,2500,3,10,3572.703297500016,3600.644158100033,3623.588429510002,27.30848991191564,3537.9632930000757,3626.137792999998,NVIDIA H100 80GB HBM3,
10000,35,2500,3,10,4051.00008730002,4072.950653299972,4074.592517630031,15.966202139403274,4034.259106000036,4074.774947000037,NVIDIA H100 80GB HBM3,
10000,40,2500,3,10,4155.184686099982,4250.497418999918,4307.702097599921,68.52512684949579,4102.901066999948,4314.058172999921,NVIDIA H100 80GB HBM3,
10000,45,2500,3,10,4824.875636000047,4867.608477100077,4870.457069710102,29.180851539368085,4796.058640000069,4870.773580000105,NVIDIA H100 80GB HBM3,
10000,50,2500,3,10,5255.3487621000095,5299.386762499996,5310.394917650031,35.282103813271355,5209.66527600001,5311.618046000035,NVIDIA H100 80GB HBM3,
10000,55,2500,3,10,5152.183619599998,5214.291091199993,5215.151523419998,35.40872966600885,5111.421568999958,5215.247126999998,NVIDIA H100 80GB HBM3,
10000,60,2500,3,10,5904.550240700008,5929.564719200016,5940.5366649200405,29.82244759410224,5854.91140900001,5941.755770000043,NVIDIA H100 80GB HBM3,
10000,65,2500,3,10,5979.179465000004,6011.64044139999,6012.760083339997,31.32457715741056,5926.164780000022,6012.884487999998,NVIDIA H100 80GB HBM3,
10000,70,2500,3,10,6416.206468499991,6484.831826400006,6492.580330140009,50.82899827191845,6355.548163000009,6493.441275000009,NVIDIA H100 80GB HBM3,
10000,75,2500,3,10,6883.391636600003,6949.066934700005,6961.789375470005,94.50211533818803,6664.669860999993,6963.2029800000055,NVIDIA H100 80GB HBM3,
10000,80,2500,3,10,7459.0643855,7524.792578300002,7577.453864029999,68.39280269282077,7351.948997999997,7583.305117999998,NVIDIA H100 80GB HBM3,
10000,85,2500,3,10,7894.151554899998,8027.2643696999985,8145.404535869997,123.69938126398053,7716.818594000003,8158.531220999997,NVIDIA H100 80GB HBM3,
10000,90,2500,3,10,7508.050848800075,7532.127249699897,7532.793423670182,24.01247428395891,7457.084892000239,7532.867443000214,NVIDIA H100 80GB HBM3,
10000,95,2500,3,10,8554.0025034,8639.419930399998,8673.24550934,61.145402791506974,8489.043355999996,8677.003907,NVIDIA H100 80GB HBM3,
10000,100,2500,3,10,9059.895651,9106.260259400007,9218.49711884,68.67026411708807,8993.199632,9230.967881,NVIDIA H100 80GB HBM3,
